question_id,meaning_id
1,1
1,2096
1,2320
1,2563
1,3104
2,4
2,385
2,2182
2,2269
2,3756
3,5
3,156
3,2148
3,3087
3,3390
4,9
4,1557
4,1694
4,2047
4,3477
5,10
5,1176
5,1306
5,1904
5,2892
6,12
6,1085
6,1465
6,2543
6,3459
7,14
7,754
7,1204
7,1634
7,2256
8,15
8,260
8,1588
8,1589
8,1620
9,17
9,1166
9,1658
9,1935
9,3821
10,19
10,408
10,419
10,3097
10,3423
11,23
11,1920
11,2025
11,2149
11,3475
12,25
12,589
12,1233
12,2650
12,3583
13,29
13,739
13,989
13,1689
13,2907
14,30
14,535
14,1074
14,2083
14,3197
15,32
15,507
15,1681
15,2176
15,2710
16,34
16,1139
16,1455
16,2402
16,3748
17,35
17,181
17,1472
17,1933
17,3105
18,37
18,1856
18,2873
18,3262
18,3387
19,38
19,217
19,3306
19,3837
19,3887
20,41
20,1025
20,1176
20,2245
20,3317
21,44
21,507
21,975
21,2609
21,3162
22,46
22,301
22,2489
22,3603
22,3841
23,48
23,543
23,1576
23,3369
23,3594
24,50
24,667
24,672
24,1064
24,3160
25,33
25,53
25,388
25,1685
25,3420
26,57
26,959
26,1140
26,1208
26,1911
27,58
27,175
27,619
27,1399
27,1420
28,60
28,2619
28,3191
28,3575
28,3909
29,61
29,1444
29,2078
29,2235
29,3273
30,62
30,577
30,1239
30,1368
30,1931
31,67
31,1172
31,1752
31,3267
31,3768
32,68
32,202
32,2529
32,2921
32,3746
33,71
33,639
33,765
33,2756
33,2861
34,72
34,355
34,407
34,1910
34,1934
35,74
35,2186
35,2710
35,3277
35,3357
36,77
36,110
36,1531
36,1979
36,2779
37,78
37,847
37,1097
37,2151
37,2496
38,40
38,79
38,573
38,663
38,3242
39,81
39,563
39,3009
39,3338
39,3854
40,85
40,530
40,2509
40,2862
40,3520
41,86
41,1588
41,2520
41,2688
41,3303
42,89
42,553
42,983
42,1038
42,3200
43,91
43,492
43,1190
43,1210
43,3175
44,93
44,99
44,379
44,3238
44,3626
45,96
45,1467
45,2318
45,2649
45,3882
46,23
46,100
46,1347
46,2331
46,3891
47,103
47,113
47,275
47,1183
47,3395
48,104
48,120
48,2934
48,3247
48,3476
49,108
49,602
49,1225
49,1748
49,3593
50,112
50,257
50,458
50,496
50,2660
51,114
51,1311
51,1532
51,3219
51,3694
52,48
52,115
52,2601
52,3492
52,3858
53,68
53,118
53,2346
53,3120
53,3326
54,121
54,1785
54,1823
54,2407
54,3465
55,125
55,2047
55,2351
55,3655
55,3797
56,126
56,479
56,1940
56,2973
56,3902
57,127
57,974
57,1919
57,2713
57,3232
58,130
58,371
58,3207
58,3244
58,3793
59,132
59,1475
59,1664
59,2788
59,3173
60,133
60,649
60,812
60,2182
60,3494
61,134
61,506
61,1282
61,1419
61,2982
62,136
62,1702
62,3628
62,3665
62,3847
63,139
63,1544
63,2216
63,2896
63,3486
64,140
64,1082
64,1777
64,2683
64,2983
65,141
65,342
65,2136
65,2189
65,3767
66,22
66,143
66,816
66,2950
66,3690
67,145
67,782
67,929
67,1345
67,1438
68,146
68,294
68,2408
68,2441
68,2883
69,64
69,151
69,968
69,2321
69,3270
70,153
70,1201
70,2288
70,2432
70,3621
71,20
71,154
71,1749
71,1906
71,3056
72,155
72,419
72,1770
72,2066
72,2127
73,156
73,2772
73,3062
73,3310
73,3770
74,159
74,706
74,1312
74,1502
74,1591
75,162
75,634
75,1627
75,2231
75,3340
76,166
76,757
76,3295
76,3796
76,3808
77,170
77,1156
77,1609
77,3709
77,3749
78,172
78,1253
78,2228
78,2987
78,3379
79,173
79,328
79,405
79,1773
79,2316
80,174
80,513
80,930
80,1830
80,2568
81,178
81,1512
81,1734
81,3259
81,3572
82,180
82,1219
82,2655
82,3016
82,3784
83,181
83,1481
83,1559
83,1658
83,2511
84,183
84,423
84,2109
84,2458
84,2508
85,119
85,183
85,186
85,321
85,1335
86,189
86,648
86,764
86,1994
86,3288
87,191
87,1289
87,2832
87,3797
87,3808
88,192
88,557
88,601
88,904
88,1354
89,193
89,694
89,1633
89,2062
89,3197
90,196
90,611
90,934
90,957
90,2003
91,199
91,658
91,2464
91,2614
91,3866
92,200
92,577
92,1142
92,2397
92,2658
93,202
93,773
93,2329
93,3143
93,3632
94,204
94,415
94,621
94,1153
94,3603
95,207
95,555
95,1544
95,2366
95,3632
96,208
96,376
96,603
96,621
96,2469
97,210
97,988
97,1007
97,1477
97,3191
98,211
98,816
98,2174
98,2720
98,3178
99,176
99,191
99,214
99,1094
99,1855
100,217
100,700
100,1103
100,2011
100,2252
101,219
101,1351
101,2557
101,2774
101,2941
102,222
102,2287
102,2688
102,3081
102,3877
103,140
103,225
103,3142
103,3729
103,3884
104,230
104,408
104,787
104,2228
104,3124
105,233
105,628
105,1985
105,2174
105,3221
106,212
106,235
106,1693
106,2665
106,3806
107,238
107,281
107,1938
107,2501
107,3279
108,239
108,1693
108,1695
108,2268
108,2358
109,204
109,243
109,1840
109,3529
109,3537
110,245
110,976
110,1226
110,2068
110,3308
111,248
111,648
111,1693
111,1701
111,3620
112,253
112,1269
112,1643
112,2621
112,3108
113,206
113,255
113,1360
113,1476
113,3556
114,259
114,358
114,960
114,2343
114,2439
115,260
115,593
115,1131
115,1592
115,1917
116,263
116,888
116,1287
116,2842
116,3785
117,267
117,593
117,1387
117,3059
117,3354
118,273
118,1390
118,2189
118,2717
118,3559
119,256
119,274
119,1477
119,3292
119,3306
120,276
120,1518
120,1965
120,2723
120,2925
121,277
121,1139
121,1705
121,2344
121,2409
122,279
122,425
122,1815
122,2105
122,2701
123,14
123,281
123,740
123,1413
123,3672
124,284
124,1176
124,1309
124,2271
124,3622
125,152
125,287
125,501
125,1201
125,3366
126,289
126,1168
126,1545
126,2061
126,2890
127,290
127,465
127,614
127,1829
127,3441
128,263
128,291
128,686
128,1174
128,2665
129,148
129,160
129,294
129,497
129,1731
130,296
130,1110
130,1851
130,2740
130,3051
131,297
131,468
131,827
131,1540
131,3719
132,298
132,981
132,1523
132,1703
132,2723
133,300
133,665
133,926
133,1281
133,3451
134,301
134,675
134,942
134,3085
134,3463
135,303
135,625
135,728
135,1951
135,3439
136,304
136,2349
136,2431
136,2744
136,2767
137,306
137,1112
137,1582
137,1642
137,1988
138,34
138,308
138,1301
138,2420
138,2709
139,182
139,196
139,311
139,438
139,3866
140,314
140,524
140,974
140,3507
140,3815
141,317
141,325
141,561
141,2562
141,2568
142,319
142,672
142,1714
142,2790
142,2822
143,323
143,1508
143,1596
143,2068
143,3464
144,324
144,1457
144,2168
144,2807
144,3179
145,2
145,326
145,625
145,1204
145,1634
146,328
146,1480
146,2229
146,3334
146,3490
147,108
147,152
147,330
147,416
147,2996
148,43
148,331
148,1255
148,2262
148,3635
149,332
149,571
149,2378
149,3250
149,3774
150,333
150,1072
150,2892
150,3246
150,3669
151,335
151,597
151,1231
151,2584
151,2864
152,337
152,832
152,1612
152,2617
152,3001
153,339
153,416
153,2193
153,2459
153,3138
154,342
154,565
154,1086
154,3146
154,3358
155,344
155,546
155,560
155,832
155,2905
156,348
156,1151
156,1545
156,1803
156,2407
157,349
157,594
157,1488
157,1924
157,3627
158,280
158,351
158,1580
158,1661
158,3583
159,353
159,1134
159,1811
159,2677
159,3121
160,354
160,566
160,1753
160,2452
160,3440
161,356
161,479
161,1587
161,3250
161,3531
162,359
162,1105
162,1274
162,2920
162,3005
163,363
163,629
163,2738
163,3127
163,3320
164,364
164,1799
164,2131
164,3425
164,3869
165,346
165,368
165,1144
165,1268
165,3032
166,369
166,526
166,571
166,1480
166,3643
167,371
167,2091
167,2450
167,2662
167,3198
168,373
168,1642
168,2847
168,3121
168,3798
169,376
169,1134
169,1224
169,2850
169,3405
170,70
170,379
170,1416
170,1832
170,2242
171,380
171,1534
171,1591
171,1649
171,3565
172,383
172,500
172,2115
172,3221
172,3628
173,66
173,227
173,385
173,1264
173,3798
174,387
174,881
174,1792
174,3838
174,3857
175,388
175,1802
175,1977
175,2032
175,2610
176,121
176,390
176,1288
176,3241
176,3561
177,392
177,508
177,829
177,1118
177,2053
178,334
178,395
178,428
178,2142
178,3633
179,398
179,518
179,1878
179,2954
179,3661
180,399
180,473
180,751
180,1053
180,2611
181,120
181,288
181,400
181,1810
181,3159
182,401
182,1039
182,1998
182,2225
182,3710
183,53
183,128
183,178
183,403
183,452
184,2
184,405
184,1887
184,2918
184,3820
185,73
185,408
185,754
185,1145
185,3526
186,409
186,536
186,1613
186,2732
186,3091
187,410
187,915
187,1045
187,1419
187,2173
188,411
188,752
188,883
188,1126
188,3005
189,412
189,489
189,1537
189,2549
189,3170
190,414
190,636
190,677
190,2365
190,3709
191,420
191,954
191,1590
191,1653
191,2041
192,422
192,686
192,1661
192,3646
192,3807
193,333
193,425
193,2496
193,2578
193,2579
194,429
194,909
194,1859
194,2719
194,3390
195,432
195,486
195,790
195,1588
195,1753
196,54
196,433
196,1010
196,2626
196,3725
197,177
197,193
197,435
197,485
197,3799
198,246
198,436
198,814
198,2757
198,3135
199,437
199,1133
199,2431
199,2920
199,3306
200,439
200,755
200,1078
200,3099
200,3738
201,440
201,454
201,479
201,1794
201,3313
202,441
202,1737
202,2388
202,3681
202,3885
203,89
203,283
203,442
203,2098
203,2614
204,181
204,445
204,1720
204,2098
204,2815
205,446
205,662
205,1565
205,3793
205,3862
206,115
206,448
206,2751
206,2813
206,2914
207,452
207,1453
207,1898
207,1927
207,2889
208,453
208,880
208,1215
208,2766
208,2815
209,456
209,1985
209,2227
209,2572
209,3756
210,459
210,1797
210,2498
210,2846
210,3554
211,461
211,508
211,547
211,832
211,3456
212,22
212,464
212,971
212,2323
212,2356
213,465
213,1949
213,2468
213,2994
213,3745
214,468
214,795
214,1025
214,3584
214,3797
215,469
215,893
215,1471
215,1960
215,2339
216,470
216,523
216,666
216,1986
216,2805
217,471
217,610
217,978
217,1369
217,3162
218,476
218,857
218,1265
218,1305
218,2966
219,477
219,1116
219,1456
219,1795
219,3671
220,28
220,169
220,478
220,1697
220,1871
221,454
221,479
221,940
221,2098
221,3169
222,29
222,480
222,817
222,1743
222,3054
223,482
223,570
223,2120
223,3028
223,3685
224,485
224,588
224,1233
224,1693
224,1903
225,486
225,1038
225,1649
225,2514
225,3895
226,487
226,1298
226,3142
226,3266
226,3633
227,175
227,491
227,755
227,1795
227,2562
228,492
228,896
228,1772
228,3161
228,3844
229,496
229,511
229,1004
229,1142
229,3152
230,498
230,1194
230,1514
230,1834
230,3520
231,118
231,500
231,2141
231,2483
231,2582
232,219
232,504
232,1099
232,1640
232,1822
233,32
233,323
233,508
233,642
233,976
234,22
234,152
234,190
234,509
234,1061
235,115
235,510
235,576
235,2184
235,3360
236,514
236,1043
236,1420
236,1883
236,3493
237,10
237,516
237,1775
237,2125
237,2506
238,442
238,521
238,986
238,2732
238,3099
239,522
239,766
239,1920
239,3418
239,3517
240,524
240,1285
240,1677
240,2156
240,3240
241,419
241,526
241,2214
241,2368
241,3532
242,15
242,527
242,956
242,1502
242,2829
243,134
243,530
243,2540
243,3266
243,3527
244,416
244,533
244,973
244,2424
244,3666
245,97
245,535
245,861
245,2457
245,2679
246,537
246,606
246,684
246,2301
246,3276
247,12
247,538
247,574
247,813
247,3599
248,541
248,973
248,1368
248,1966
248,2801
249,233
249,544
249,1075
249,2492
249,3365
250,273
250,413
250,546
250,1181
250,2204
251,550
251,935
251,961
251,2907
251,3675
252,551
252,784
252,1334
252,2197
252,3300
253,61
253,555
253,1890
253,2970
253,3065
254,399
254,556
254,2844
254,3108
254,3365
255,560
255,2365
255,3283
255,3357
255,3659
256,198
256,561
256,564
256,633
256,983
257,562
257,855
257,2006
257,2129
257,2258
258,283
258,564
258,877
258,906
258,3552
259,565
259,997
259,2842
259,2881
259,3888
260,162
260,566
260,707
260,2732
260,3570
261,77
261,393
261,568
261,1610
261,2333
262,558
262,569
262,752
262,925
262,2050
263,571
263,1339
263,2732
263,2972
263,3081
264,578
264,844
264,1193
264,2410
264,3839
265,39
265,298
265,363
265,580
265,2133
266,422
266,568
266,581
266,2542
266,3572
267,583
267,2191
267,2681
267,3315
267,3351
268,525
268,585
268,1934
268,2766
268,3782
269,51
269,337
269,589
269,697
269,2122
270,463
270,590
270,2064
270,2389
270,3884
271,418
271,591
271,2198
271,2215
271,3441
272,327
272,525
272,592
272,1047
272,2286
273,414
273,594
273,1089
273,2672
273,2802
274,281
274,597
274,1482
274,2065
274,3133
275,599
275,788
275,817
275,821
275,3554
276,113
276,202
276,602
276,2994
276,3031
277,603
277,1461
277,2121
277,3540
277,3652
278,606
278,908
278,2065
278,2400
278,2863
279,576
279,608
279,1361
279,1825
279,3014
280,185
280,610
280,1009
280,1010
280,2784
281,611
281,721
281,1443
281,1578
281,2575
282,367
282,613
282,797
282,2159
282,2856
283,56
283,278
283,615
283,2083
283,3889
284,616
284,2307
284,2786
284,3067
284,3181
285,35
285,618
285,720
285,1405
285,2614
286,443
286,620
286,895
286,986
286,2486
287,623
287,1236
287,1468
287,1874
287,3813
288,174
288,624
288,2302
288,3145
288,3691
289,201
289,629
289,1046
289,1651
289,3885
290,490
290,631
290,1070
290,3089
290,3090
291,412
291,563
291,634
291,2640
291,3219
292,635
292,1138
292,1735
292,3101
292,3308
293,637
293,1078
293,1420
293,1883
293,2725
294,149
294,638
294,723
294,1021
294,3255
295,588
295,636
295,641
295,1159
295,2294
296,644
296,1378
296,2428
296,2753
296,3800
297,8
297,647
297,1033
297,1139
297,1566
298,409
298,651
298,1883
298,2369
298,3704
299,228
299,512
299,654
299,1070
299,1251
300,656
300,777
300,1115
300,2400
300,2992
301,359
301,660
301,1682
301,1916
301,2025
302,662
302,1180
302,2758
302,3648
302,3658
303,25
303,664
303,1609
303,2110
303,2271
304,667
304,1602
304,2559
304,2851
304,3650
305,118
305,621
305,673
305,2825
305,3554
306,504
306,675
306,858
306,964
306,2382
307,676
307,2460
307,2860
307,2869
307,3651
308,42
308,80
308,679
308,1194
308,1725
309,264
309,681
309,813
309,2271
309,2617
310,683
310,821
310,1837
310,2425
310,2718
311,684
311,1215
311,1388
311,1526
311,3845
312,259
312,688
312,988
312,1954
312,2566
313,83
313,690
313,1935
313,2583
313,3765
314,382
314,691
314,933
314,2485
314,3200
315,27
315,694
315,2617
315,2636
315,3224
316,667
316,695
316,1009
316,1219
316,3146
317,469
317,698
317,1704
317,1929
317,2764
318,699
318,946
318,2329
318,2767
318,2886
319,701
319,1495
319,1769
319,1857
319,2045
320,704
320,1071
320,1279
320,1592
320,3280
321,708
321,2067
321,2319
321,3104
321,3213
322,711
322,1313
322,1344
322,2993
322,3005
323,207
323,712
323,1082
323,1153
323,1957
324,717
324,2008
324,2426
324,2453
324,2730
325,718
325,1818
325,2877
325,3746
325,3801
326,326
326,445
326,720
326,1613
326,3124
327,158
327,722
327,885
327,3175
327,3438
328,727
328,1350
328,2633
328,2943
328,3595
329,412
329,704
329,728
329,2888
329,3356
330,20
330,174
330,328
330,731
330,2992
331,733
331,960
331,969
331,2695
331,3050
332,111
332,518
332,734
332,890
332,2327
333,196
333,737
333,2514
333,2777
333,3439
334,422
334,738
334,1385
334,2192
334,2593
335,35
335,741
335,2315
335,2651
335,3866
336,602
336,742
336,796
336,1769
336,2040
337,216
337,744
337,2176
337,3092
337,3113
338,747
338,1003
338,2152
338,3359
338,3527
339,749
339,1017
339,2337
339,2399
339,3639
340,151
340,753
340,1834
340,3720
340,3894
341,327
341,754
341,2865
341,3473
341,3532
342,264
342,756
342,1679
342,2443
342,2716
343,759
343,1029
343,1209
343,1333
343,2349
344,760
344,1585
344,1998
344,3297
344,3836
345,475
345,590
345,762
345,2148
345,2743
346,763
346,802
346,911
346,1539
346,3893
347,766
347,774
347,2283
347,3230
347,3347
348,768
348,1660
348,2238
348,3398
348,3766
349,28
349,461
349,769
349,2335
349,3025
350,501
350,622
350,770
350,3435
350,3917
351,471
351,548
351,771
351,1668
351,2911
352,139
352,774
352,785
352,2738
352,2873
353,189
353,433
353,775
353,1014
353,2543
354,777
354,864
354,1884
354,2902
354,3821
355,180
355,778
355,1156
355,1454
355,1531
356,780
356,1058
356,1300
356,2637
356,3162
357,784
357,2996
357,3006
357,3154
357,3453
358,424
358,785
358,1263
358,3033
358,3656
359,787
359,2229
359,2287
359,2686
359,3213
360,789
360,1429
360,2582
360,2607
360,2628
361,606
361,791
361,1559
361,2302
361,3177
362,216
362,348
362,795
362,1740
362,3882
363,395
363,796
363,1200
363,2492
363,2997
364,797
364,1957
364,1989
364,2730
364,3114
365,487
365,556
365,798
365,1513
365,2123
366,428
366,646
366,801
366,1297
366,3072
367,459
367,804
367,1825
367,2776
367,3717
368,808
368,1970
368,3522
368,3776
368,3852
369,325
369,432
369,810
369,1483
369,1794
370,307
370,511
370,789
370,812
370,2805
371,574
371,800
371,814
371,3063
371,3404
372,816
372,1246
372,3152
372,3298
372,3335
373,817
373,1132
373,2195
373,2440
373,3755
374,398
374,559
374,818
374,1173
374,3069
375,821
375,2009
375,2529
375,2839
375,2886
376,160
376,822
376,1705
376,1871
376,2879
377,825
377,2183
377,2788
377,2809
377,3781
378,435
378,826
378,1810
378,2956
378,3779
379,778
379,828
379,3459
379,3571
379,3766
380,830
380,1031
380,1290
380,3351
380,3712
381,251
381,715
381,834
381,1243
381,3661
382,571
382,838
382,1670
382,1812
382,3774
383,13
383,50
383,813
383,841
383,874
384,844
384,3433
384,3446
384,3737
384,3780
385,84
385,846
385,1808
385,2282
385,3522
386,9
386,245
386,849
386,1686
386,3077
387,851
387,1288
387,1768
387,2268
387,2387
388,755
388,852
388,1017
388,1315
388,2639
389,789
389,855
389,1617
389,3085
389,3549
390,857
390,1092
390,1378
390,2331
390,3915
391,862
391,1030
391,1524
391,1991
391,2252
392,381
392,864
392,2563
392,3339
392,3526
393,866
393,1111
393,1855
393,2069
393,3288
394,237
394,867
394,2323
394,2657
394,3217
395,870
395,1181
395,1385
395,1676
395,3658
396,773
396,872
396,1779
396,2692
396,3080
397,532
397,876
397,2958
397,3463
397,3718
398,491
398,619
398,877
398,1071
398,3007
399,879
399,953
399,1327
399,1772
399,2217
400,881
400,1736
400,2844
400,3071
400,3761
401,112
401,334
401,550
401,883
401,2773
402,14
402,886
402,1042
402,1934
402,3008
403,481
403,887
403,995
403,2183
403,2873
404,534
404,714
404,889
404,1693
404,3361
405,869
405,890
405,1386
405,1732
405,3093
406,442
406,777
406,892
406,2984
406,3775
407,750
407,893
407,1117
407,3090
407,3314
408,479
408,896
408,1190
408,2213
408,2831
409,99
409,744
409,898
409,3747
409,3912
410,484
410,830
410,900
410,2522
410,3255
411,523
411,904
411,2393
411,3330
411,3346
412,90
412,906
412,1935
412,2251
412,3820
413,515
413,907
413,2095
413,2585
413,3279
414,911
414,1188
414,2133
414,2244
414,3394
415,158
415,913
415,1960
415,2036
415,2201
416,914
416,1460
416,2698
416,2749
416,2759
417,916
417,1153
417,2314
417,3014
417,3236
418,117
418,608
418,919
418,1252
418,2546
419,786
419,921
419,2724
419,2981
419,3453
420,626
420,923
420,1012
420,1359
420,1890
421,64
421,395
421,846
421,926
421,2942
422,543
422,929
422,990
422,1468
422,3859
423,282
423,877
423,931
423,3671
423,3812
424,87
424,932
424,1716
424,2206
424,2708
425,934
425,1081
425,1961
425,2706
425,3440
426,626
426,935
426,1103
426,3032
426,3394
427,939
427,1891
427,2300
427,2574
427,2687
428,368
428,941
428,1134
428,2997
428,3435
429,944
429,1968
429,2343
429,2943
429,3336
430,628
430,945
430,1389
430,1397
430,3514
431,80
431,102
431,947
431,1397
431,2994
432,951
432,1506
432,2052
432,2876
432,3429
433,564
433,953
433,1846
433,3144
433,3694
434,957
434,2041
434,2096
434,2256
434,3607
435,958
435,1249
435,1738
435,2876
435,3260
436,805
436,918
436,960
436,1852
436,2949
437,740
437,963
437,2228
437,3075
437,3436
438,723
438,890
438,967
438,2878
438,3897
439,108
439,970
439,1461
439,3185
439,3683
440,972
440,1666
440,1885
440,2002
440,2483
441,977
441,1074
441,1487
441,1562
441,2000
442,547
442,979
442,2904
442,2940
442,3160
443,298
443,922
443,980
443,3266
443,3591
444,379
444,609
444,982
444,999
444,3912
445,407
445,983
445,1590
445,1717
445,1923
446,325
446,597
446,984
446,986
446,3703
447,931
447,986
447,1070
447,1167
447,2018
448,988
448,1429
448,2774
448,3533
448,3736
449,994
449,1518
449,1551
449,3763
449,3881
450,200
450,875
450,995
450,1028
450,1193
451,179
451,997
451,1226
451,1370
451,1547
452,302
452,929
452,1001
452,1124
452,3095
453,11
453,1002
453,1436
453,1514
453,3492
454,1003
454,1514
454,2908
454,3065
454,3615
455,347
455,1005
455,2491
455,2695
455,2847
456,1006
456,2440
456,2949
456,2970
456,3310
457,1008
457,1491
457,1727
457,2122
457,2933
458,1010
458,1979
458,2390
458,3368
458,3818
459,1011
459,2416
459,3017
459,3467
459,3612
460,1014
460,2111
460,2682
460,2964
460,3308
461,690
461,893
461,1017
461,1406
461,1533
462,35
462,408
462,1019
462,1882
462,2503
463,556
463,1024
463,1280
463,3369
463,3715
464,1030
464,1688
464,2060
464,2281
464,3324
465,1032
465,1695
465,1734
465,2171
465,2624
466,1025
466,1034
466,1924
466,2390
466,3373
467,199
467,537
467,1038
467,3526
467,3605
468,1041
468,1391
468,1685
468,2645
468,3817
469,327
469,987
469,1043
469,1606
469,2518
470,301
470,504
470,1046
470,2193
470,2322
471,100
471,394
471,1028
471,1050
471,2761
472,1053
472,2290
472,2642
472,2697
472,3631
473,1054
473,1355
473,2379
473,2416
473,3195
474,746
474,1057
474,1244
474,1286
474,2007
475,595
475,1058
475,1553
475,2671
475,3659
476,1068
476,1150
476,2173
476,3608
476,3834
477,561
477,955
477,1069
477,2019
477,2733
478,52
478,1074
478,2543
478,2717
478,3206
479,1076
479,1949
479,3006
479,3324
479,3527
480,611
480,1078
480,1479
480,1893
480,2917
481,602
481,1082
481,1183
481,1275
481,2814
482,41
482,184
482,1086
482,2793
482,3003
483,429
483,1092
483,1401
483,1879
483,2899
484,1094
484,1294
484,2408
484,3358
484,3753
485,678
485,1097
485,1271
485,1823
485,3322
486,73
486,954
486,1101
486,1586
486,2502
487,609
487,1102
487,2436
487,2576
487,3645
488,918
488,1104
488,1155
488,2592
488,3062
489,927
489,1105
489,1298
489,3282
489,3509
490,55
490,278
490,1106
490,3278
490,3515
491,1109
491,1334
491,2199
491,2774
491,3293
492,697
492,1111
492,2928
492,3246
492,3381
493,656
493,863
493,1114
493,2945
493,3279
494,885
494,1115
494,2564
494,2763
494,3303
495,404
495,764
495,1119
495,1219
495,2543
496,813
496,1016
496,1073
496,1120
496,2650
497,214
497,694
497,1123
497,2191
497,3590
498,113
498,622
498,1126
498,1263
498,2314
499,1128
499,3130
499,3506
499,3536
499,3762
500,338
500,1064
500,1129
500,1459
500,3620
501,586
501,740
501,1078
501,1131
501,2585
502,362
502,867
502,1133
502,1265
502,2164
503,1062
503,1134
503,1702
503,2306
503,3616
504,780
504,1138
504,2843
504,3146
504,3284
505,85
505,1140
505,1703
505,3713
505,3813
506,628
506,1143
506,1611
506,3587
506,3788
507,492
507,1146
507,1632
507,2128
507,3436
508,53
508,1147
508,1706
508,2240
508,2294
509,718
509,1155
509,2416
509,2685
509,2723
510,1156
510,1168
510,1446
510,1633
510,1711
511,476
511,1157
511,1362
511,1674
511,2354
512,1161
512,1244
512,2113
512,2163
512,3631
513,163
513,310
513,1165
513,1631
513,3104
514,1166
514,2369
514,2831
514,3249
514,3338
515,252
515,829
515,1169
515,1295
515,1515
516,1171
516,1497
516,1682
516,2025
516,2529
517,146
517,434
517,1174
517,1395
517,1661
518,1151
518,1177
518,1562
518,1898
518,3284
519,845
519,1104
519,1179
519,2102
519,2265
520,670
520,1180
520,1309
520,3135
520,3848
521,742
521,816
521,1140
521,1182
521,3126
522,1184
522,1788
522,2093
522,2350
522,3898
523,261
523,665
523,1185
523,2633
523,3015
524,796
524,1003
524,1189
524,2374
524,3681
525,406
525,736
525,1190
525,3493
525,3579
526,759
526,1193
526,2349
526,2744
526,2920
527,4
527,1196
527,1581
527,1761
527,3331
528,43
528,661
528,967
528,1198
528,1924
529,458
529,1201
529,2885
529,2981
529,3834
530,630
530,1203
530,2160
530,2198
530,2426
531,956
531,1204
531,1590
531,2128
531,3228
532,751
532,965
532,1209
532,1296
532,2381
533,268
533,632
533,865
533,1211
533,3168
534,1212
534,1573
534,1927
534,3803
534,3903
535,612
535,1215
535,3059
535,3422
535,3567
536,1216
536,1625
536,1852
536,3681
536,3834
537,321
537,449
537,1220
537,2102
537,2342
538,271
538,1222
538,1463
538,1508
538,2250
539,1045
539,1228
539,1328
539,1761
539,2243
540,439
540,684
540,1043
540,1231
540,2726
541,560
541,1237
541,1900
541,2495
541,3753
542,1062
542,1199
542,1246
542,3109
542,3390
543,639
543,1247
543,2643
543,3631
543,3697
544,352
544,1028
544,1252
544,3111
544,3908
545,1215
545,1254
545,1929
545,2641
545,2733
546,950
546,1257
546,1441
546,2372
546,3394
547,1262
547,2003
547,2304
547,2936
547,3333
548,867
548,1264
548,1432
548,2440
548,2722
549,715
549,1266
549,1301
549,3288
549,3733
550,145
550,1269
550,2102
550,2919
550,3728
551,861
551,1270
551,2240
551,3204
551,3882
552,67
552,950
552,1275
552,1319
552,2476
553,553
553,893
553,1131
553,1277
553,3105
554,163
554,1278
554,2286
554,2963
554,3219
555,569
555,882
555,1282
555,1751
555,2803
556,1286
556,2182
556,3387
556,3647
556,3811
557,695
557,1288
557,2264
557,2665
557,3364
558,1014
558,1290
558,1774
558,2784
558,3646
559,1292
559,1721
559,1793
559,3279
559,3570
560,1293
560,1371
560,2408
560,2661
560,3241
561,1004
561,1296
561,1437
561,2216
561,3141
562,254
562,1286
562,1297
562,1328
562,2483
563,22
563,127
563,1298
563,1377
563,1474
564,1159
564,1181
564,1300
564,1487
564,2505
565,346
565,1304
565,1351
565,1776
565,3435
566,378
566,1306
566,1473
566,1706
566,2912
567,337
567,1309
567,1445
567,3688
567,3749
568,1214
568,1312
568,1935
568,2765
568,2969
569,510
569,532
569,1313
569,1666
569,2989
570,1317
570,2376
570,2534
570,3428
570,3497
571,1319
571,1355
571,2114
571,2700
571,2774
572,1275
572,1322
572,1337
572,2693
572,3138
573,328
573,1325
573,1875
573,2370
573,3144
574,182
574,1327
574,2339
574,2711
574,3354
575,151
575,590
575,802
575,1329
575,1650
576,1332
576,2006
576,3058
576,3454
576,3815
577,3
577,1248
577,1334
577,2776
577,3569
578,816
578,936
578,1335
578,1403
578,3310
579,1001
579,1193
579,1338
579,2057
579,2648
580,810
580,894
580,983
580,1339
580,3682
581,840
581,924
581,1341
581,1756
581,2183
582,945
582,1343
582,1477
582,2849
582,3411
583,57
583,964
583,1347
583,2023
583,3073
584,273
584,1348
584,1903
584,3304
584,3637
585,1128
585,1352
585,1563
585,1890
585,3032
586,936
586,1353
586,1524
586,3143
586,3519
587,505
587,949
587,1356
587,2416
587,2813
588,149
588,401
588,467
588,860
588,1358
589,1095
589,1361
589,1949
589,3262
589,3554
590,622
590,807
590,1364
590,2289
590,3202
591,1365
591,1875
591,2731
591,3123
591,3812
592,1369
592,1370
592,1449
592,2442
592,3588
593,668
593,819
593,1371
593,2669
593,2770
594,1373
594,1445
594,2364
594,3001
594,3159
595,682
595,1375
595,3049
595,3799
595,3822
596,241
596,334
596,1377
596,1379
596,3517
597,590
597,1049
597,1380
597,2064
597,3478
598,416
598,1381
598,1877
598,3569
598,3859
599,225
599,820
599,1336
599,1383
599,3611
600,647
600,1386
600,2146
600,2279
600,2939
601,1387
601,2972
601,3145
601,3524
601,3895
602,301
602,803
602,1389
602,1419
602,2839
603,243
603,1382
603,1392
603,3266
603,3700
604,263
604,289
604,1393
604,1630
604,3414
605,271
605,1395
605,1971
605,2906
605,3882
606,1397
606,2786
606,3298
606,3369
606,3591
607,1247
607,1400
607,1733
607,2280
607,3387
608,868
608,1404
608,1760
608,3298
608,3575
609,438
609,1405
609,3172
609,3605
609,3672
610,25
610,772
610,1010
610,1407
610,2911
611,186
611,1410
611,2557
611,2817
611,3118
612,1311
612,1412
612,1479
612,2948
612,3200
613,529
613,1414
613,1521
613,1646
613,3680
614,1028
614,1418
614,1444
614,1988
614,2785
615,1379
615,1424
615,1520
615,2685
615,3536
616,153
616,353
616,922
616,1426
616,2718
617,764
617,1040
617,1427
617,1730
617,2295
618,937
618,1415
618,1430
618,2772
618,2817
619,153
619,399
619,1331
619,1433
619,3192
620,257
620,1435
620,2274
620,3326
620,3509
621,916
621,1364
621,1438
621,1539
621,3240
622,526
622,597
622,658
622,1440
622,1721
623,521
623,1443
623,1559
623,1836
623,2888
624,5
624,613
624,1444
624,2221
624,3632
625,967
625,1445
625,1789
625,2461
625,2680
626,255
626,1062
626,1448
626,1683
626,3409
627,507
627,539
627,1026
627,1184
627,1450
628,603
628,1274
628,1451
628,1985
628,3071
629,861
629,1094
629,1452
629,1867
629,2296
630,815
630,1349
630,1454
630,2110
630,2177
631,756
631,849
631,978
631,1455
631,3238
632,15
632,335
632,1078
632,1456
632,3473
633,686
633,827
633,1445
633,1458
633,3323
634,108
634,1460
634,2417
634,3319
634,3320
635,1375
635,1463
635,2124
635,2646
635,3766
636,209
636,1464
636,1529
636,3215
636,3872
637,714
637,1466
637,1473
637,2495
637,3876
638,1468
638,2162
638,3118
638,3387
638,3716
639,580
639,1245
639,1461
639,1469
639,2363
640,474
640,701
640,1013
640,1470
640,2006
641,776
641,1471
641,1717
641,2951
641,3524
642,1395
642,1452
642,1473
642,2224
642,2442
643,1475
643,2257
643,2347
643,2656
643,3412
644,758
644,1209
644,1476
644,2028
644,2837
645,282
645,624
645,1480
645,1759
645,3057
646,787
646,791
646,810
646,1482
646,1759
647,222
647,1483
647,1704
647,3199
647,3287
648,177
648,1485
648,2622
648,2650
648,3367
649,54
649,142
649,421
649,1487
649,3614
650,410
650,703
650,1364
650,1490
650,2086
651,129
651,371
651,670
651,1491
651,3627
652,1295
652,1492
652,3147
652,3162
652,3725
653,365
653,1494
653,2312
653,2375
653,2533
654,1495
654,1974
654,2269
654,2806
654,3804
655,448
655,541
655,1496
655,3546
655,3781
656,1497
656,2045
656,2932
656,3324
656,3479
657,279
657,1025
657,1407
657,1498
657,3725
658,318
658,896
658,1480
658,1500
658,1504
659,384
659,1281
659,1501
659,2545
659,2589
660,1387
660,1502
660,1961
660,2202
660,3493
661,479
661,554
661,1503
661,1526
661,2467
662,894
662,1166
662,1421
662,1505
662,2704
663,854
663,1377
663,1506
663,1617
663,1844
664,595
664,1170
664,1509
664,3582
664,3822
665,928
665,1103
665,1383
665,1510
665,2167
666,1513
666,1738
666,2288
666,2396
666,2877
667,463
667,746
667,1514
667,2014
667,3028
668,1295
668,1427
668,1516
668,2551
668,2714
669,902
669,1518
669,1777
669,1947
669,2356
670,274
670,455
670,1520
670,2804
670,3534
671,773
671,1521
671,2004
671,2150
671,2920
672,153
672,1522
672,2276
672,3263
672,3492
673,56
673,165
673,1373
673,1525
673,3823
674,381
674,1254
674,1526
674,2026
674,3039
675,474
675,883
675,919
675,1240
675,1527
676,64
676,205
676,1470
676,1528
676,3406
677,129
677,170
677,1256
677,1299
677,1530
678,824
678,1314
678,1532
678,1763
678,3333
679,7
679,1536
679,2965
679,3538
679,3645
680,1537
680,2705
680,2731
680,2735
680,2937
681,466
681,793
681,1103
681,1539
681,3909
682,849
682,1289
682,1540
682,2679
682,2924
683,1541
683,2223
683,2562
683,3287
683,3819
684,621
684,1543
684,2900
684,2980
684,3033
685,1425
685,1544
685,1801
685,2541
685,2837
686,121
686,1074
686,1545
686,2020
686,3297
687,109
687,1301
687,1546
687,1692
687,3462
688,57
688,1548
688,2025
688,2432
688,2872
689,556
689,1284
689,1550
689,2309
689,2695
690,872
690,1551
690,1576
690,2459
690,3824
691,1102
691,1106
691,1553
691,2070
691,3074
692,1554
692,1557
692,2881
692,2953
692,3068
693,377
693,844
693,1556
693,1641
693,3770
694,264
694,1010
694,1557
694,2512
694,2605
695,1216
695,1558
695,1916
695,2589
695,3429
696,963
696,1559
696,2096
696,3693
696,3792
697,1561
697,1610
697,2792
697,2832
697,3241
698,1148
698,1562
698,1676
698,2674
698,2790
699,774
699,1563
699,2463
699,3447
699,3750
700,1564
700,1675
700,2344
700,2823
700,3318
701,1034
701,1119
701,1566
701,2264
701,3913
702,1028
702,1568
702,2289
702,3434
702,3546
703,354
703,412
703,634
703,1230
703,1569
704,366
704,1570
704,2185
704,3449
704,3789
705,566
705,1571
705,1601
705,2725
705,3691
706,1574
706,2185
706,2482
706,3151
706,3449
707,362
707,498
707,1575
707,1756
707,3230
708,437
708,1359
708,1576
708,1982
708,2023
709,381
709,1578
709,3269
709,3544
709,3566
710,255
710,529
710,1581
710,2309
710,2767
711,1583
711,1859
711,2197
711,2588
711,3166
712,981
712,1584
712,1792
712,2845
712,3427
713,95
713,1487
713,1585
713,3397
713,3655
714,310
714,907
714,1587
714,2518
714,3643
715,566
715,1588
715,2311
715,3169
715,3269
716,1590
716,1763
716,1914
716,2368
716,2888
717,1591
717,1659
717,2510
717,2563
717,2575
718,984
718,1327
718,1593
718,1771
718,2256
719,512
719,1594
719,1704
719,2035
719,3314
720,180
720,185
720,1596
720,1928
720,2362
721,1597
721,2001
721,2040
721,2405
721,2826
722,72
722,754
722,1599
722,1750
722,1894
723,2
723,593
723,1250
723,1600
723,2368
724,462
724,841
724,1177
724,1602
724,3719
725,874
725,1604
725,1693
725,2957
725,3706
726,1606
726,1883
726,2639
726,3791
726,3895
727,518
727,1089
727,1608
727,2048
727,3572
728,9
728,1242
728,1610
728,3297
728,3640
729,62
729,840
729,1444
729,1611
729,2772
730,1197
730,1289
730,1612
730,1898
730,2954
731,892
731,1614
731,2653
731,2864
731,3644
732,190
732,464
732,1615
732,2600
732,3006
733,907
733,1616
733,2311
733,2464
733,2735
734,240
734,551
734,1617
734,2173
734,2445
735,463
735,649
735,798
735,1366
735,1618
736,1578
736,1621
736,2337
736,3007
736,3524
737,1134
737,1275
737,1622
737,2760
737,2826
738,826
738,1031
738,1624
738,3035
738,3421
739,1239
739,1304
739,1520
739,1625
739,2052
740,198
740,1598
740,1627
740,1747
740,3845
741,1023
741,1628
741,3046
741,3528
741,3795
742,1630
742,1676
742,2171
742,2662
742,3809
743,651
743,954
743,1478
743,1632
743,3133
744,1633
744,1727
744,1979
744,2056
744,2999
745,35
745,1634
745,2003
745,2520
745,3339
746,968
746,1636
746,2539
746,2657
746,2712
747,1390
747,1407
747,1637
747,2267
747,2929
748,278
748,681
748,697
748,1639
748,3317
749,946
749,1643
749,2352
749,2742
749,3728
750,660
750,1581
750,1647
750,3119
750,3467
751,174
751,598
751,730
751,1481
751,1648
752,428
752,1650
752,2591
752,2738
752,2751
753,255
753,936
753,1652
753,3521
753,3776
754,370
754,420
754,721
754,912
754,1653
755,35
755,311
755,431
755,1655
755,1691
756,185
756,295
756,822
756,1515
756,1657
757,72
757,492
757,983
757,1327
757,1659
758,542
758,1660
758,1768
758,3102
758,3472
759,74
759,1662
759,1854
759,2617
759,3413
760,1547
760,1668
760,2055
760,2843
760,3599
761,1670
761,1720
761,2044
761,2967
761,3249
762,39
762,1673
762,2006
762,3139
762,3388
763,284
763,732
763,1466
763,1675
763,3284
764,433
764,446
764,1508
764,1679
764,1712
765,1092
765,1683
765,2243
765,2397
765,2807
766,1685
766,3197
766,3461
766,3711
766,3818
767,819
767,1459
767,1687
767,2654
767,3687
768,330
768,718
768,1640
768,1688
768,3550
769,16
769,432
769,1412
769,1690
769,3819
770,292
770,403
770,643
770,714
770,1692
771,350
771,390
771,425
771,1693
771,2172
772,1306
772,1696
772,2082
772,2757
772,2911
773,354
773,1579
773,1699
773,1884
773,1923
774,744
774,1701
774,2419
774,2802
774,3248
775,1239
775,1702
775,2970
775,2977
775,3762
776,512
776,1704
776,2614
776,3009
776,3902
777,130
777,342
777,1706
777,2263
777,3658
778,979
778,1516
778,1709
778,2192
778,2904
779,1711
779,1998
779,2559
779,3357
779,3583
780,610
780,1508
780,1714
780,2893
780,2929
781,553
781,1716
781,2042
781,2653
781,2985
782,1652
782,1719
782,1945
782,3232
782,3910
783,905
783,1278
783,1720
783,2902
783,3280
784,171
784,586
784,625
784,1722
784,3172
785,1601
785,1724
785,2338
785,3076
785,3334
786,430
786,1062
786,1725
786,2372
786,2920
787,272
787,1287
787,1728
787,2277
787,3827
788,309
788,610
788,1237
788,1730
788,2144
789,862
789,1099
789,1733
789,2153
789,3787
790,1136
790,1451
790,1737
790,2768
790,3492
791,669
791,992
791,1560
791,1740
791,1781
792,1741
792,2727
792,2806
792,3509
792,3612
793,46
793,591
793,1742
793,2081
793,3433
794,205
794,579
794,1744
794,3596
794,3857
795,1312
795,1747
795,1754
795,1771
795,3691
796,1748
796,1800
796,2007
796,2572
796,3260
797,1048
797,1214
797,1251
797,1750
797,3268
798,1474
798,1625
798,1751
798,2341
798,3192
799,1440
799,1616
799,1754
799,2652
799,2909
800,62
800,204
800,1141
800,1755
800,1800
801,365
801,1758
801,2480
801,2516
801,3498
802,1069
802,1145
802,1559
802,1759
802,1813
803,395
803,1125
803,1761
803,3143
803,3776
804,317
804,996
804,1071
804,1763
804,3544
805,276
805,1765
805,2895
805,3486
805,3718
806,797
806,1013
806,1359
806,1766
806,3311
807,695
807,1662
807,1768
807,2328
807,3455
808,907
808,1481
808,1747
808,1770
808,3605
809,17
809,527
809,939
809,1721
809,1772
810,685
810,1541
810,1773
810,2178
810,3723
811,1775
811,1833
811,3211
811,3295
811,3600
812,699
812,1777
812,1821
812,3700
812,3737
813,272
813,581
813,1778
813,2357
813,3222
814,378
814,1780
814,1866
814,2124
814,2965
815,185
815,1781
815,2928
815,3223
815,3234
816,1009
816,1630
816,1785
816,2406
816,3655
817,1
817,586
817,1720
817,1786
817,3812
818,492
818,553
818,1787
818,1847
818,2651
819,270
819,1152
819,1170
819,1789
819,2596
820,853
820,1354
820,1791
820,1864
820,2675
821,954
821,1795
821,2615
821,3490
821,3764
822,399
822,411
822,1797
822,2761
822,3543
823,1318
823,1799
823,1983
823,2481
823,3497
824,1528
824,1801
824,2411
824,3232
824,3260
825,483
825,609
825,745
825,842
825,1803
826,260
826,303
826,1804
826,3145
826,3269
827,376
827,1805
827,2696
827,2996
827,3312
828,451
828,1705
828,1806
828,2186
828,2535
829,118
829,353
829,1809
829,2426
829,3475
830,997
830,1660
830,1810
830,2365
830,3733
831,1738
831,1811
831,1981
831,2180
831,3556
832,706
832,1813
832,2041
832,2079
832,3313
833,70
833,277
833,1656
833,1815
833,2091
834,232
834,994
834,1202
834,1819
834,3778
835,447
835,1477
835,1820
835,2759
835,3116
836,822
836,1823
836,2047
836,3079
836,3889
837,115
837,511
837,1079
837,1825
837,3310
838,50
838,224
838,1485
838,1828
838,2297
839,1134
839,1829
839,2862
839,3720
839,3879
840,657
840,1081
840,1117
840,1653
840,1831
841,178
841,1833
841,2457
841,2860
841,3444
842,600
842,1192
842,1834
842,1962
842,3653
843,514
843,1836
843,2948
843,3075
843,3902
844,411
844,1178
844,1838
844,2341
844,3152
845,1840
845,2683
845,2806
845,3032
845,3427
846,718
846,1322
846,1842
846,2752
846,3331
847,971
847,1844
847,2768
847,2971
847,3916
848,1845
848,1853
848,2671
848,3255
848,3689
849,892
849,1340
849,1848
849,3161
849,3783
850,1775
850,1849
850,3397
850,3619
850,3832
851,286
851,1074
851,1851
851,3863
851,3883
852,663
852,1097
852,1784
852,1849
852,1854
853,551
853,1305
853,1858
853,2753
853,3611
854,483
854,1860
854,2506
854,2840
854,3163
855,460
855,1862
855,2238
855,2975
855,3367
856,659
856,945
856,1864
856,2180
856,3085
857,1867
857,2297
857,2710
857,3092
857,3413
858,1869
858,1902
858,1913
858,2830
858,3764
859,399
859,713
859,1743
859,1870
859,1963
860,115
860,1203
860,1361
860,1872
860,3046
861,260
861,453
861,907
861,1873
861,2765
862,144
862,974
862,1874
862,2762
862,3727
863,458
863,1877
863,2380
863,2405
863,3453
864,506
864,1337
864,1518
864,1879
864,3261
865,520
865,1882
865,2304
865,2315
865,2703
866,159
866,1883
866,1937
866,2704
866,2947
867,578
867,627
867,1886
867,3126
867,3273
868,1116
868,1190
868,1869
868,1887
868,3022
869,718
869,937
869,1415
869,1889
869,3537
870,1240
870,1890
870,2033
870,3282
870,3843
871,420
871,1538
871,1891
871,3038
871,3176
872,102
872,659
872,1552
872,1892
872,3023
873,852
873,1165
873,1893
873,2479
873,2829
874,92
874,1894
874,2202
874,2763
874,2863
875,671
875,1039
875,1097
875,1896
875,2418
876,248
876,734
876,1898
876,2334
876,3444
877,1287
877,1639
877,1685
877,1899
877,2892
878,493
878,1901
878,2918
878,3043
878,3339
879,120
879,378
879,1300
879,1904
879,3538
880,479
880,1534
880,1906
880,2179
880,2526
881,1292
881,1592
881,1910
881,2452
881,2686
882,1162
882,1203
882,1911
882,1947
882,2728
883,228
883,787
883,1405
883,1411
883,1914
884,1051
884,1510
884,1916
884,1999
884,3285
885,1917
885,2079
885,2947
885,2951
885,3791
886,974
886,1183
886,1196
886,1432
886,1919
887,222
887,1613
887,1648
887,1921
887,2528
888,451
888,1924
888,2358
888,3247
888,3383
889,50
889,1927
889,3256
889,3743
889,3784
890,914
890,1136
890,1208
890,1435
890,1932
891,893
891,1327
891,1935
891,2571
891,3105
892,1937
892,2212
892,2948
892,2951
892,3438
893,1412
893,1940
893,2831
893,3169
893,3820
894,1841
894,1942
894,3005
894,3087
894,3716
895,63
895,140
895,1332
895,1943
895,2712
896,1944
896,2590
896,2753
896,3021
896,3717
897,1574
897,1758
897,1799
897,1946
897,3498
898,1650
898,1948
898,2133
898,2861
898,3336
899,592
899,708
899,1951
899,2229
899,3122
900,916
900,1490
900,1800
900,1953
900,2845
901,944
901,1955
901,2081
901,3861
901,3884
902,1113
902,1956
902,2078
902,2162
902,2849
903,970
903,1957
903,1991
903,2392
903,2813
904,182
904,1478
904,1960
904,2639
904,3704
905,792
905,1001
905,1963
905,2932
905,3138
906,1046
906,1153
906,1629
906,1965
906,2025
907,298
907,1524
907,1776
907,1966
907,2029
908,37
908,1105
908,1183
908,1968
908,3454
909,119
909,952
909,1792
909,1969
909,2150
910,1612
910,1971
910,2177
910,3318
910,3361
911,406
911,1601
911,1813
911,1972
911,3722
912,1974
912,2075
912,2489
912,3336
912,3480
913,133
913,666
913,1976
913,2547
913,3894
914,1058
914,1604
914,1924
914,1977
914,2790
915,312
915,830
915,1212
915,1980
915,2710
916,1757
916,1983
916,2313
916,2480
916,2482
917,1819
917,1986
917,2642
917,3299
917,3653
918,472
918,1987
918,2543
918,2553
918,3712
919,61
919,1225
919,1229
919,1988
919,2916
920,887
920,1992
920,2029
920,2891
920,2980
921,107
921,337
921,1675
921,1993
921,2940
922,1995
922,2446
922,2926
922,3394
922,3666
923,452
923,1147
923,1486
923,1827
923,1997
924,119
924,868
924,2001
924,2343
924,3597
925,196
925,329
925,597
925,1950
925,2003
926,458
926,511
926,1361
926,2004
926,2405
927,314
927,544
927,2005
927,2820
927,2828
928,1061
928,2006
928,3365
928,3825
928,3910
929,922
929,1611
929,1776
929,1822
929,2008
930,1575
930,2009
930,3309
930,3377
930,3864
931,1841
931,1892
931,2010
931,2266
931,2856
932,439
932,940
932,1721
932,2013
932,2231
933,373
933,2014
933,2849
933,3377
933,3429
934,941
934,2016
934,2157
934,2470
934,3166
935,222
935,1018
935,1500
935,2018
935,2583
936,1
936,755
936,1412
936,2019
936,2355
937,609
937,1300
937,1310
937,2021
937,2622
938,2023
938,2276
938,2439
938,2721
938,3305
939,2029
939,2601
939,2685
939,3319
939,3757
940,414
940,869
940,2031
940,2701
940,3002
941,203
941,649
941,1945
941,2034
941,2388
942,1214
942,2035
942,2255
942,3672
942,3682
943,7
943,251
943,2038
943,2843
943,3102
944,136
944,2039
944,2582
944,2847
944,3587
945,2040
945,2428
945,2678
945,2695
945,3553
946,161
946,2043
946,2127
946,3104
946,3122
947,263
947,2046
947,2240
947,2631
947,2842
948,947
948,1629
948,2052
948,2363
948,2463
949,471
949,549
949,1093
949,2054
949,3876
950,1198
950,2056
950,2137
950,3809
950,3836
951,872
951,970
951,2057
951,2713
951,3085
952,1064
952,1971
952,2059
952,2271
952,2626
953,313
953,623
953,793
953,1128
953,2060
954,822
954,860
954,1735
954,2061
954,3136
955,1592
955,2063
955,2527
955,2987
955,3469
956,382
956,652
956,1314
956,2065
956,2486
957,508
957,662
957,2068
957,2747
957,3719
958,687
958,2071
958,3069
958,3238
958,3889
959,710
959,1797
959,2060
959,2075
959,2942
960,762
960,825
960,914
960,1127
960,2076
961,1303
961,1331
961,2077
961,2161
961,3114
962,625
962,2079
962,3057
962,3254
962,3265
963,24
963,93
963,178
963,2083
963,2551
964,635
964,735
964,2084
964,2669
964,3323
965,254
965,1024
965,2086
965,2198
965,2403
966,60
966,1161
966,2087
966,3236
966,3429
967,196
967,656
967,1716
967,2090
967,3906
968,271
968,2093
968,2177
968,2870
968,3826
969,14
969,1439
969,2094
969,2795
969,2829
970,173
970,895
970,2044
970,2095
970,2317
971,260
971,1250
971,1456
971,2097
971,3691
972,679
972,1080
972,1113
972,2102
972,2886
973,1304
973,1320
973,2103
973,2861
973,3390
974,574
974,1197
974,2105
974,2135
974,3571
975,846
975,1338
975,2112
975,3014
975,3504
976,808
976,1023
976,1319
976,2115
976,3542
977,376
977,1144
977,2117
977,2727
977,3158
978,1712
978,1768
978,2118
978,2878
978,3711
979,124
979,2122
979,2867
979,3256
979,3827
980,214
980,1709
980,2124
980,2852
980,3420
981,329
981,526
981,2127
981,2486
981,3090
982,48
982,2129
982,2931
982,3769
982,3881
983,36
983,1317
983,1574
983,2131
983,3497
984,630
984,1133
984,2040
984,2134
984,3062
985,874
985,1074
985,1547
985,2136
985,2670
986,2137
986,2238
986,2553
986,3321
986,3464
987,105
987,273
987,2140
987,2928
987,3741
988,843
988,2002
988,2141
988,2658
988,3410
989,2048
989,2056
989,2143
989,2748
989,2832
990,125
990,978
990,2145
990,3404
990,3912
991,1414
991,2148
991,2259
991,3086
991,3540
992,921
992,2150
992,2283
992,2380
992,3225
993,401
993,976
993,2143
993,2151
993,2664
994,85
994,321
994,2154
994,2530
994,3860
995,753
995,846
995,2157
995,2159
995,2428
996,857
996,883
996,2159
996,2432
996,2849
997,1362
997,1523
997,2126
997,2160
997,3442
998,1544
998,2162
998,2193
998,2417
998,2844
999,1005
999,2121
999,2164
999,2428
999,3236
1000,501
1000,1777
1000,1797
1000,1958
1000,2166
1001,2168
1001,2644
1001,2756
1001,3597
1001,3815
1002,189
1002,1573
1002,2170
1002,2929
1002,3025
1003,783
1003,2165
1003,2174
1003,2787
1003,3485
1004,450
1004,675
1004,759
1004,1597
1004,2175
1005,668
1005,1310
1005,1491
1005,1657
1005,2177
1006,1145
1006,1598
1006,1749
1006,2179
1006,2311
1007,209
1007,1417
1007,2180
1007,3548
1007,3700
1008,1076
1008,1284
1008,2181
1008,3191
1008,3755
1009,2103
1009,2183
1009,2862
1009,3111
1009,3759
1010,1678
1010,2120
1010,2184
1010,2498
1010,3013
1011,1317
1011,2185
1011,3052
1011,3274
1011,3428
1012,263
1012,889
1012,1206
1012,2110
1012,2187
1013,1402
1013,2189
1013,2457
1013,3234
1013,3619
1014,979
1014,1087
1014,2055
1014,2192
1014,3572
1015,944
1015,1080
1015,2198
1015,3522
1015,3755
1016,758
1016,1646
1016,2199
1016,3066
1016,3502
1017,268
1017,526
1017,1541
1017,2201
1017,3354
1018,722
1018,1048
1018,1869
1018,2203
1018,3855
1019,121
1019,1463
1019,1692
1019,2205
1019,3724
1020,528
1020,2201
1020,2207
1020,3375
1020,3877
1021,1018
1021,1456
1021,2208
1021,3704
1021,3877
1022,409
1022,932
1022,2212
1022,3302
1022,3821
1023,632
1023,1422
1023,2214
1023,2320
1023,3644
1024,947
1024,1179
1024,1414
1024,2216
1024,2949
1025,1279
1025,1599
1025,1746
1025,2218
1025,2602
1026,357
1026,712
1026,2221
1026,3240
1026,3507
1027,553
1027,1388
1027,2222
1027,2972
1027,3042
1028,1337
1028,2033
1028,2113
1028,2180
1028,2226
1029,611
1029,720
1029,983
1029,2228
1029,3314
1030,1360
1030,2236
1030,2950
1030,3058
1030,3752
1031,286
1031,1010
1031,1385
1031,2238
1031,2386
1032,95
1032,425
1032,2240
1032,2879
1032,3242
1033,263
1033,343
1033,2241
1033,2597
1033,3805
1034,400
1034,2233
1034,2245
1034,2328
1034,3148
1035,977
1035,1768
1035,2247
1035,2870
1035,3348
1036,1472
1036,1626
1036,2251
1036,2256
1036,2903
1037,1615
1037,2253
1037,2309
1037,3229
1037,3680
1038,910
1038,2254
1038,2656
1038,2744
1038,3554
1039,439
1039,1830
1039,2098
1039,2255
1039,3422
1040,1229
1040,2075
1040,2257
1040,2567
1040,2738
1041,914
1041,936
1041,2258
1041,3457
1041,3662
1042,244
1042,1678
1042,1777
1042,1857
1042,2260
1043,26
1043,676
1043,677
1043,1845
1043,2264
1044,1858
1044,2183
1044,2265
1044,2684
1044,3608
1045,50
1045,899
1045,2268
1045,3148
1045,3637
1046,1981
1046,2226
1046,2270
1046,2458
1046,3857
1047,37
1047,2276
1047,2541
1047,2633
1047,3331
1048,870
1048,1530
1048,2047
1048,2278
1048,2333
1049,1964
1049,2281
1049,2572
1049,2914
1049,3595
1050,1201
1050,2283
1050,3130
1050,3601
1050,3886
1051,103
1051,1035
1051,1382
1051,2285
1051,3266
1052,158
1052,1204
1052,1422
1052,1613
1052,2286
1053,190
1053,1075
1053,1953
1053,2289
1053,3858
1054,140
1054,298
1054,579
1054,2290
1054,2874
1055,1313
1055,1678
1055,2133
1055,2292
1055,2410
1056,1065
1056,1270
1056,2205
1056,2295
1056,3619
1057,1684
1057,1781
1057,2000
1057,2038
1057,2297
1058,299
1058,1526
1058,2298
1058,2653
1058,3695
1059,1312
1059,1891
1059,2299
1059,2487
1059,3867
1060,1484
1060,2303
1060,2361
1060,2651
1060,2864
1061,526
1061,1038
1061,1914
1061,2304
1061,3792
1062,607
1062,1476
1062,2306
1062,2411
1062,3293
1063,476
1063,2175
1063,2309
1063,2356
1063,3127
1064,1421
1064,1882
1064,2178
1064,2310
1064,3094
1065,885
1065,1913
1065,2300
1065,2311
1065,3812
1066,2313
1066,3149
1066,3345
1066,3425
1066,3869
1067,727
1067,1776
1067,2314
1067,2749
1067,3762
1068,88
1068,1279
1068,2317
1068,2794
1068,3042
1069,642
1069,1624
1069,2318
1069,2812
1069,3455
1070,1071
1070,1882
1070,2320
1070,2478
1070,3512
1071,1252
1071,1582
1071,2322
1071,2660
1071,2927
1072,1122
1072,1369
1072,2326
1072,2883
1072,3025
1073,795
1073,888
1073,2277
1073,2328
1073,2959
1074,1809
1074,2329
1074,2950
1074,3788
1074,3850
1075,531
1075,544
1075,1767
1075,2075
1075,2330
1076,567
1076,1900
1076,2105
1076,2334
1076,3650
1077,99
1077,246
1077,547
1077,1701
1077,2336
1078,1910
1078,2338
1078,2765
1078,2973
1078,3430
1079,1988
1079,2340
1079,2621
1079,3481
1079,3878
1080,399
1080,2148
1080,2343
1080,3377
1080,3594
1081,240
1081,386
1081,1745
1081,2348
1081,3011
1082,1163
1082,1957
1082,2353
1082,2693
1082,3366
1083,1500
1083,1503
1083,2355
1083,3122
1083,3580
1084,215
1084,2357
1084,2505
1084,2630
1084,3708
1085,906
1085,1164
1085,2339
1085,2361
1085,3056
1086,391
1086,1925
1086,2362
1086,2740
1086,2746
1087,330
1087,909
1087,1765
1087,2367
1087,2508
1088,18
1088,175
1088,2094
1088,2370
1088,2963
1089,1776
1089,2373
1089,2981
1089,3781
1089,3917
1090,2376
1090,2480
1090,3150
1090,3201
1090,3448
1091,317
1091,431
1091,1048
1091,2377
1091,3105
1092,340
1092,384
1092,1582
1092,1889
1092,2379
1093,590
1093,2331
1093,2382
1093,3205
1093,3319
1094,1026
1094,1730
1094,2383
1094,2999
1094,3836
1095,128
1095,421
1095,1485
1095,2386
1095,3247
1096,1095
1096,2258
1096,2389
1096,2799
1096,3873
1097,139
1097,1514
1097,2393
1097,2557
1097,3861
1098,541
1098,1044
1098,2394
1098,2694
1098,2787
1099,2028
1099,2395
1099,2608
1099,3320
1099,3631
1100,1183
1100,1417
1100,1842
1100,2398
1100,3336
1101,89
1101,1439
1101,2399
1101,2766
1101,3380
1102,285
1102,662
1102,2071
1102,2402
1102,2649
1103,1765
1103,1777
1103,2405
1103,2644
1103,3601
1104,338
1104,1226
1104,1908
1104,2407
1104,3211
1105,295
1105,350
1105,1173
1105,2409
1105,3600
1106,157
1106,2156
1106,2411
1106,2848
1106,3023
1107,683
1107,876
1107,904
1107,926
1107,2413
1108,257
1108,1428
1108,2356
1108,2415
1108,3166
1109,2332
1109,2419
1109,3186
1109,3348
1109,3414
1110,2420
1110,2682
1110,2869
1110,3689
1110,3836
1111,631
1111,1412
1111,1763
1111,2421
1111,2725
1112,566
1112,1794
1112,2422
1112,2735
1112,3043
1113,42
1113,914
1113,2423
1113,2599
1113,2719
1114,2425
1114,3267
1114,3309
1114,3492
1114,3917
1115,1221
1115,1265
1115,2166
1115,2428
1115,3713
1116,2378
1116,2430
1116,2703
1116,2705
1116,3723
1117,395
1117,578
1117,806
1117,2112
1117,2432
1118,1462
1118,2435
1118,2531
1118,2649
1118,3560
1119,401
1119,615
1119,2437
1119,2443
1119,3802
1120,390
1120,393
1120,467
1120,2442
1120,2755
1121,802
1121,840
1121,2088
1121,2445
1121,3778
1122,55
1122,1998
1122,2449
1122,2537
1122,3148
1123,1100
1123,1534
1123,2304
1123,2422
1123,2451
1124,39
1124,1776
1124,2413
1124,2455
1124,3154
1125,1059
1125,1170
1125,2456
1125,3471
1125,3654
1126,66
1126,151
1126,613
1126,2458
1126,3342
1127,212
1127,678
1127,1212
1127,2460
1127,2663
1128,14
1128,907
1128,1339
1128,1594
1128,2465
1129,592
1129,2012
1129,2466
1129,2583
1129,3172
1130,71
1130,361
1130,1825
1130,2469
1130,3870
1131,1362
1131,2340
1131,2415
1131,2472
1131,3343
1132,862
1132,1083
1132,2428
1132,2473
1132,3918
1133,22
1133,974
1133,2475
1133,2776
1133,3776
1134,572
1134,1422
1134,2477
1134,3524
1134,3819
1135,1317
1135,1494
1135,1757
1135,2481
1135,3345
1136,140
1136,969
1136,2483
1136,2493
1136,3750
1137,963
1137,1261
1137,1691
1137,2486
1137,3168
1138,449
1138,1280
1138,2488
1138,3346
1138,3751
1139,1752
1139,2158
1139,2258
1139,2348
1139,2489
1140,1767
1140,1864
1140,2431
1140,2491
1140,2683
1141,825
1141,1368
1141,1837
1141,2493
1141,3179
1142,441
1142,1344
1142,2498
1142,2592
1142,3745
1143,57
1143,473
1143,1543
1143,2500
1143,3118
1144,72
1144,281
1144,905
1144,2501
1144,2901
1145,171
1145,631
1145,1250
1145,2502
1145,2564
1146,1074
1146,1463
1146,1473
1146,2505
1146,3577
1147,1304
1147,2507
1147,2581
1147,2819
1147,3216
1148,1161
1148,1178
1148,2509
1148,3299
1148,3336
1149,1591
1149,1902
1149,2510
1149,2586
1149,2641
1150,1623
1150,2273
1150,2513
1150,2637
1150,2665
1151,657
1151,1254
1151,2230
1151,2514
1151,2816
1152,2185
1152,2515
1152,3425
1152,3448
1152,3449
1153,1326
1153,1327
1153,2518
1153,2571
1153,2972
1154,440
1154,1648
1154,2521
1154,2586
1154,2988
1155,1223
1155,2032
1155,2522
1155,2741
1155,3470
1156,839
1156,2524
1156,3029
1156,3873
1156,3885
1157,223
1157,677
1157,2365
1157,2525
1157,3246
1158,891
1158,987
1158,1145
1158,2528
1158,2575
1159,555
1159,1377
1159,2462
1159,2529
1159,3237
1160,25
1160,149
1160,1118
1160,2531
1160,2670
1161,2130
1161,2375
1161,2534
1161,3449
1161,3869
1162,667
1162,2267
1162,2272
1162,2536
1162,2999
1163,1095
1163,1381
1163,2347
1163,2541
1163,3309
1164,523
1164,1178
1164,2545
1164,2727
1164,3908
1165,158
1165,824
1165,1291
1165,2548
1165,3791
1166,673
1166,1397
1166,2009
1166,2550
1166,3509
1167,414
1167,1041
1167,1712
1167,2111
1167,2552
1168,1144
1168,1760
1168,2556
1168,3233
1168,3887
1169,336
1169,2245
1169,2559
1169,2623
1169,3627
1170,564
1170,1276
1170,2561
1170,2963
1170,3438
1171,303
1171,1314
1171,1388
1171,1812
1171,2565
1172,139
1172,2134
1172,2566
1172,2877
1172,3520
1173,268
1173,2378
1173,2564
1173,2568
1173,3438
1174,1590
1174,1952
1174,2570
1174,2894
1174,3853
1175,502
1175,812
1175,1194
1175,2573
1175,3612
1176,566
1176,2201
1176,2574
1176,3511
1176,3639
1177,413
1177,725
1177,2294
1177,2577
1177,2940
1178,813
1178,2386
1178,2579
1178,3317
1178,3413
1179,102
1179,788
1179,2051
1179,2109
1179,2581
1180,838
1180,2479
1180,2583
1180,2836
1180,3812
1181,806
1181,1688
1181,1916
1181,2589
1181,3182
1182,946
1182,972
1182,1636
1182,2590
1182,3441
1183,119
1183,961
1183,2028
1183,2166
1183,2592
1184,148
1184,2059
1184,2593
1184,2965
1184,3316
1185,1392
1185,1777
1185,2164
1185,2572
1185,2595
1186,45
1186,189
1186,767
1186,874
1186,2597
1187,1133
1187,1330
1187,2040
1187,2600
1187,3289
1188,268
1188,1724
1188,1906
1188,2602
1188,3489
1189,53
1189,166
1189,413
1189,2606
1189,2664
1190,928
1190,1186
1190,1726
1190,2292
1190,2611
1191,308
1191,1853
1191,2597
1191,2613
1191,2879
1192,956
1192,1327
1192,1620
1192,2614
1192,3334
1193,299
1193,1773
1193,2095
1193,2616
1193,2988
1194,251
1194,508
1194,2506
1194,2618
1194,3913
1195,1263
1195,1433
1195,1437
1195,2621
1195,2826
1196,835
1196,2143
1196,2151
1196,2271
1196,2622
1197,968
1197,1396
1197,2366
1197,2629
1197,2642
1198,170
1198,435
1198,609
1198,1676
1198,2631
1199,345
1199,1529
1199,2182
1199,2634
1199,3486
1200,178
1200,312
1200,1530
1200,2635
1200,3747
1201,24
1201,348
1201,2386
1201,2638
1201,3368
1202,707
1202,777
1202,1069
1202,2502
1202,2639
1203,1456
1203,1578
1203,2641
1203,2703
1203,3376
1204,256
1204,522
1204,1543
1204,2644
1204,2819
1205,80
1205,1334
1205,1777
1205,2455
1205,2647
1206,263
1206,668
1206,1898
1206,2649
1206,3247
1207,596
1207,809
1207,2370
1207,2653
1207,2816
1208,320
1208,1979
1208,2655
1208,2661
1208,3618
1209,1005
1209,2050
1209,2659
1209,3300
1209,3886
1210,1465
1210,1997
1210,2350
1210,2661
1210,2669
1211,739
1211,2473
1211,2474
1211,2484
1211,2668
1212,414
1212,2669
1212,3136
1212,3358
1212,3559
1213,668
1213,687
1213,2190
1213,2597
1213,2670
1214,752
1214,980
1214,2112
1214,2676
1214,2805
1215,587
1215,760
1215,2680
1215,3358
1215,3658
1216,786
1216,1689
1216,1964
1216,2684
1216,3705
1217,424
1217,2112
1217,2215
1217,2685
1217,2781
1218,17
1218,838
1218,1047
1218,2688
1218,3722
1219,661
1219,826
1219,1925
1219,2689
1219,3559
1220,456
1220,1550
1220,2692
1220,2799
1220,3503
1221,683
1221,1323
1221,1343
1221,2695
1221,3633
1222,1096
1222,1154
1222,2141
1222,2697
1222,2898
1223,650
1223,1030
1223,2101
1223,2700
1223,2979
1224,25
1224,2146
1224,2402
1224,2701
1224,3247
1225,754
1225,895
1225,1422
1225,2255
1225,2703
1226,737
1226,1191
1226,2030
1226,2706
1226,3199
1227,273
1227,1033
1227,1168
1227,2709
1227,2851
1228,330
1228,540
1228,1986
1228,2629
1228,2713
1229,997
1229,2062
1229,2219
1229,2714
1229,3207
1230,915
1230,1801
1230,2719
1230,2927
1230,3839
1231,1319
1231,1618
1231,2160
1231,2627
1231,2721
1232,882
1232,1555
1232,1856
1232,2722
1232,3536
1233,1690
1233,1750
1233,2217
1233,2725
1233,3061
1234,575
1234,2379
1234,2727
1234,3073
1234,3800
1235,1409
1235,1860
1235,2246
1235,2729
1235,3242
1236,90
1236,1077
1236,2012
1236,2731
1236,3076
1237,219
1237,1140
1237,1890
1237,1932
1237,2734
1238,370
1238,1538
1238,1913
1238,2735
1238,3117
1239,747
1239,1216
1239,1955
1239,2736
1239,2914
1240,697
1240,1027
1240,2245
1240,2334
1240,2739
1241,2742
1241,2976
1241,3495
1241,3507
1241,3900
1242,833
1242,1401
1242,1879
1242,2744
1242,2895
1243,1346
1243,2291
1243,2595
1243,2722
1243,2751
1244,39
1244,747
1244,1424
1244,2455
1244,2752
1245,239
1245,467
1245,794
1245,1731
1245,2755
1246,1331
1246,1442
1246,2756
1246,3484
1246,3847
1247,2758
1247,2878
1247,3614
1247,3655
1247,3799
1248,2634
1248,2760
1248,2925
1248,3181
1248,3362
1249,113
1249,1281
1249,2762
1249,2990
1249,3396
1250,2446
1250,2524
1250,2767
1250,3406
1250,3884
1251,55
1251,1817
1251,2248
1251,2771
1251,3315
1252,496
1252,945
1252,2121
1252,2773
1252,3720
1253,321
1253,1265
1253,1380
1253,1597
1253,2774
1254,197
1254,1627
1254,2477
1254,2777
1254,3094
1255,30
1255,99
1255,1074
1255,2645
1255,2779
1256,450
1256,683
1256,1829
1256,2781
1256,3137
1257,1255
1257,2783
1257,2946
1257,3244
1257,3304
1258,1029
1258,2788
1258,3164
1258,3763
1258,3801
1259,1509
1259,2241
1259,2791
1259,3462
1259,3564
1260,403
1260,1987
1260,2249
1260,2793
1260,3637
1261,431
1261,1472
1261,1526
1261,1746
1261,2795
1262,210
1262,1068
1262,1329
1262,2781
1262,2796
1263,387
1263,782
1263,1641
1263,2798
1263,3028
1264,1381
1264,1510
1264,2692
1264,2800
1264,3260
1265,482
1265,2803
1265,3341
1265,3342
1265,3551
1266,1144
1266,1441
1266,2160
1266,2440
1266,2806
1267,418
1267,1618
1267,2808
1267,3410
1267,3550
1268,643
1268,1097
1268,1375
1268,2812
1268,3051
1269,699
1269,1791
1269,2147
1269,2814
1269,3916
1270,750
1270,1481
1270,1940
1270,2815
1270,3605
1271,1544
1271,1645
1271,2509
1271,2817
1271,3522
1272,2149
1272,2346
1272,2818
1272,3083
1272,3341
1273,2819
1273,3088
1273,3195
1273,3261
1273,3581
1274,583
1274,829
1274,1778
1274,1990
1274,2823
1275,133
1275,207
1275,558
1275,2642
1275,2824
1276,785
1276,1920
1276,2683
1276,2828
1276,3555
1277,380
1277,2815
1277,2829
1277,3174
1277,3488
1278,824
1278,2090
1278,2477
1278,2831
1278,3774
1279,715
1279,1557
1279,2136
1279,2670
1279,2832
1280,592
1280,957
1280,2836
1280,3057
1280,3532
1281,766
1281,2005
1281,2838
1281,3319
1281,3468
1282,143
1282,2391
1282,2824
1282,2841
1282,3798
1283,897
1283,982
1283,2119
1283,2843
1283,2866
1284,580
1284,918
1284,2011
1284,2845
1284,3514
1285,784
1285,1334
1285,2848
1285,3111
1285,3770
1286,872
1286,1220
1286,2547
1286,2849
1286,3690
1287,95
1287,1557
1287,2328
1287,2624
1287,2851
1288,203
1288,377
1288,1333
1288,2855
1288,3391
1289,2330
1289,2856
1289,2861
1289,3506
1289,3759
1290,206
1290,416
1290,937
1290,2857
1290,3683
1291,151
1291,613
1291,1838
1291,2859
1291,3884
1292,279
1292,2576
1292,2860
1292,3397
1292,3808
1293,192
1293,2150
1293,2724
1293,2862
1293,3114
1294,1137
1294,2731
1294,2863
1294,3209
1294,3356
1295,794
1295,1499
1295,2866
1295,3194
1295,3805
1296,706
1296,2013
1296,2251
1296,2868
1296,2918
1297,476
1297,2566
1297,2675
1297,2871
1297,3071
1298,241
1298,971
1298,2873
1298,3298
1298,3736
1299,1332
1299,1417
1299,1969
1299,2876
1299,3574
1300,210
1300,928
1300,1665
1300,2629
1300,2877
1301,1467
1301,1971
1301,2145
1301,2878
1301,3187
1302,331
1302,1085
1302,1416
1302,2613
1302,2881
1303,192
1303,910
1303,2721
1303,2884
1303,3443
1304,335
1304,790
1304,2887
1304,3094
1304,3638
1305,1488
1305,1740
1305,2890
1305,3000
1305,3710
1306,2037
1306,2047
1306,2435
1306,2893
1306,3599
1307,1161
1307,1809
1307,2236
1307,2895
1307,3195
1308,447
1308,575
1308,786
1308,2898
1308,3857
1309,989
1309,2692
1309,2899
1309,3332
1309,3873
1310,1764
1310,2026
1310,2562
1310,2902
1310,3607
1311,1342
1311,2907
1311,2919
1311,3109
1311,3610
1312,18
1312,1399
1312,1481
1312,2909
1312,3375
1313,1130
1313,1637
1313,1735
1313,2912
1313,3630
1314,1726
1314,1736
1314,2693
1314,2914
1314,3309
1315,262
1315,1286
1315,2475
1315,2722
1315,2916
1316,754
1316,2098
1316,2917
1316,3643
1316,3775
1317,989
1317,1354
1317,2677
1317,2919
1317,2994
1318,812
1318,1556
1318,2001
1318,2922
1318,3533
1319,1457
1319,2411
1319,2691
1319,2927
1319,3690
1320,74
1320,1123
1320,1729
1320,2869
1320,2929
1321,426
1321,1784
1321,2933
1321,3069
1321,3291
1322,316
1322,754
1322,987
1322,1914
1322,2937
1323,577
1323,920
1323,1733
1323,2938
1323,3088
1324,900
1324,1509
1324,2176
1324,2940
1324,3459
1325,1955
1325,1985
1325,2696
1325,2941
1325,3118
1326,708
1326,895
1326,1541
1326,1937
1326,2944
1327,246
1327,866
1327,1408
1327,2946
1327,3689
1328,605
1328,653
1328,2527
1328,2766
1328,2948
1329,2806
1329,2950
1329,3029
1329,3154
1329,3173
1330,619
1330,1723
1330,2951
1330,3431
1330,3812
1331,1729
1331,2811
1331,2954
1331,2956
1331,3004
1332,1408
1332,2093
1332,2325
1332,2632
1332,2956
1333,780
1333,2522
1333,2957
1333,3785
1333,3849
1334,2168
1334,2572
1334,2958
1334,3503
1334,3850
1335,851
1335,1088
1335,2364
1335,2779
1335,2961
1336,912
1336,1936
1336,2963
1336,3090
1336,3580
1337,772
1337,2053
1337,2964
1337,3710
1337,3767
1338,751
1338,2463
1338,2798
1338,2859
1338,2966
1339,469
1339,940
1339,1632
1339,2485
1339,2967
1340,580
1340,1383
1340,2057
1340,2970
1340,3612
1341,837
1341,2018
1341,2706
1341,2973
1341,3437
1342,651
1342,1166
1342,1724
1342,2228
1342,2974
1343,40
1343,168
1343,2975
1343,3281
1343,3500
1344,172
1344,268
1344,1478
1344,2978
1344,3190
1345,208
1345,2235
1345,2979
1345,3257
1345,3603
1346,186
1346,1401
1346,1652
1346,2983
1346,3292
1347,1048
1347,1721
1347,2836
1347,2984
1347,3438
1348,2012
1348,2986
1348,3099
1348,3208
1348,3792
1349,585
1349,1722
1349,1902
1349,2707
1349,2987
1350,481
1350,1217
1350,1474
1350,2990
1350,3239
1351,933
1351,1116
1351,1533
1351,2992
1351,3438
1352,614
1352,961
1352,1527
1352,2908
1352,2993
1353,498
1353,751
1353,2994
1353,3457
1353,3881
1354,455
1354,531
1354,556
1354,2446
1354,2995
1355,447
1355,981
1355,2922
1355,2998
1355,3143
1356,1206
1356,1863
1356,2264
1356,2332
1356,2999
1357,732
1357,2068
1357,2622
1357,2632
1357,3000
1358,518
1358,1459
1358,2532
1358,3001
1358,3241
1359,1394
1359,1900
1359,2407
1359,3003
1359,3318
1360,2123
1360,2470
1360,2656
1360,3006
1360,3847
1361,514
1361,852
1361,1724
1361,2918
1361,3008
1362,380
1362,1587
1362,2368
1362,3010
1362,3524
1363,1527
1363,2270
1363,2354
1363,2643
1363,3011
1364,463
1364,1617
1364,2060
1364,2895
1364,3012
1365,1432
1365,2258
1365,3014
1365,3293
1365,3454
1366,434
1366,2365
1366,2617
1366,2779
1366,3016
1367,268
1367,632
1367,1411
1367,3018
1367,3524
1368,258
1368,1284
1368,1674
1368,3020
1368,3458
1369,519
1369,1634
1369,2097
1369,3018
1369,3022
1370,1796
1370,2379
1370,2607
1370,2700
1370,3024
1371,697
1371,823
1371,2833
1371,3025
1371,3623
1372,49
1372,106
1372,223
1372,2238
1372,3027
1373,372
1373,2396
1373,2440
1373,3029
1373,3683
1374,1275
1374,1673
1374,2161
1374,2942
1374,3032
1375,665
1375,2109
1375,2695
1375,3036
1375,3185
1376,20
1376,750
1376,810
1376,1190
1376,3038
1377,2452
1377,2466
1377,2467
1377,3039
1377,3228
1378,1568
1378,2819
1378,3040
1378,3365
1378,3545
1379,310
1379,708
1379,2179
1379,2616
1379,3042
1380,1836
1380,1934
1380,2586
1380,3019
1380,3043
1381,109
1381,3045
1381,3064
1381,3420
1381,3719
1382,305
1382,340
1382,503
1382,2558
1382,3046
1383,1792
1383,2024
1383,3048
1383,3178
1383,3830
1384,510
1384,3050
1384,3230
1384,3585
1384,3837
1385,610
1385,1223
1385,2419
1385,3051
1385,3364
1386,364
1386,1316
1386,1757
1386,3052
1386,3448
1387,63
1387,929
1387,1244
1387,1703
1387,3054
1388,539
1388,778
1388,1789
1388,2111
1388,3055
1389,1038
1389,1413
1389,1627
1389,1917
1389,3056
1390,2221
1390,3058
1390,3118
1390,3481
1390,3629
1391,1254
1391,2301
1391,3060
1391,3254
1391,3488
1392,1942
1392,2175
1392,2634
1392,3062
1392,3734
1393,41
1393,129
1393,1487
1393,2869
1393,3063
1394,1188
1394,1650
1394,3067
1394,3164
1394,3378
1395,1727
1395,2680
1395,2779
1395,3069
1395,3707
1396,157
1396,1548
1396,1550
1396,3073
1396,3221
1397,1289
1397,2245
1397,2940
1397,3074
1397,3211
1398,1754
1398,2202
1398,3075
1398,3379
1398,3673
1399,647
1399,977
1399,1026
1399,2318
1399,3077
1400,554
1400,571
1400,1412
1400,2948
1400,3078
1401,275
1401,1157
1401,1244
1401,3080
1401,3705
1402,561
1402,1763
1402,2211
1402,3081
1402,3302
1403,101
1403,807
1403,1005
1403,1392
1403,3083
1404,443
1404,1598
1404,1764
1404,3084
1404,3355
1405,236
1405,639
1405,1989
1405,2412
1405,3085
1406,577
1406,644
1406,846
1406,2727
1406,3086
1407,429
1407,577
1407,3088
1407,3121
1407,3394
1408,154
1408,2549
1408,2575
1408,3090
1408,3722
1409,479
1409,2229
1409,2733
1409,3089
1409,3091
1410,1452
1410,1692
1410,3093
1410,3831
1410,3848
1411,519
1411,1276
1411,1786
1411,2317
1411,3094
1412,1125
1412,2643
1412,3095
1412,3262
1412,3492
1413,92
1413,1626
1413,2338
1413,2501
1413,3097
1414,553
1414,1930
1414,1973
1414,2587
1414,3098
1415,1173
1415,1498
1415,2246
1415,3100
1415,3659
1416,1499
1416,2219
1416,3002
1416,3103
1416,3771
1417,1471
1417,1813
1417,2991
1417,3107
1417,3155
1418,1346
1418,1752
1418,2751
1418,2914
1418,3108
1419,644
1419,1364
1419,2776
1419,3110
1419,3730
1420,679
1420,2417
1420,2785
1420,3040
1420,3111
1421,400
1421,823
1421,2832
1421,2860
1421,3112
1422,1029
1422,2235
1422,3047
1422,3114
1422,3911
1423,48
1423,487
1423,2886
1423,3116
1423,3205
1424,82
1424,477
1424,1277
1424,3117
1424,3544
1425,1886
1425,2340
1425,3011
1425,3118
1425,3182
1426,456
1426,600
1426,1644
1426,2943
1426,3119
1427,200
1427,481
1427,971
1427,2129
1427,3120
1428,90
1428,514
1428,2213
1428,3123
1428,3682
1429,833
1429,1203
1429,2989
1429,3127
1429,3540
1430,438
1430,790
1430,1532
1430,3128
1430,3174
1431,969
1431,1432
1431,2684
1431,2994
1431,3130
1432,1273
1432,1451
1432,2423
1432,2827
1432,3131
1433,412
1433,419
1433,3060
1433,3133
1433,3489
1434,3082
1434,3134
1434,3141
1434,3617
1434,3663
1435,460
1435,1980
1435,2350
1435,3136
1435,3465
1436,580
1436,1581
1436,2804
1436,3066
1436,3138
1437,1157
1437,1216
1437,1818
1437,2254
1437,3139
1438,1247
1438,2215
1438,2259
1438,2644
1438,3142
1439,267
1439,1036
1439,3144
1439,3249
1439,3671
1440,1863
1440,2247
1440,2783
1440,3148
1440,3368
1441,1316
1441,1318
1441,1983
1441,3150
1441,3498
1442,570
1442,859
1442,2123
1442,3153
1442,3261
1443,525
1443,612
1443,1164
1443,3156
1443,3376
1444,555
1444,2005
1444,2108
1444,2809
1444,3157
1445,615
1445,827
1445,1242
1445,3159
1445,3620
1446,1537
1446,1880
1446,1887
1446,3161
1446,3431
1447,389
1447,967
1447,1710
1447,2690
1447,3162
1448,825
1448,1161
1448,2123
1448,2168
1448,3167
1449,369
1449,1526
1449,1812
1449,2478
1449,3169
1450,837
1450,1571
1450,2561
1450,2702
1450,3170
1451,3
1451,1555
1451,2787
1451,3173
1451,3624
1452,907
1452,1479
1452,1587
1452,2894
1452,3175
1453,493
1453,1880
1453,3043
1453,3176
1453,3431
1454,220
1454,1742
1454,1944
1454,3111
1454,3179
1455,2292
1455,2718
1455,3182
1455,3478
1455,3596
1456,3183
1457,1273
1457,1822
1457,2861
1457,3134
1457,3185
1458,52
1458,147
1458,1233
1458,3187
1458,3197
1459,728
1459,1439
1459,2098
1459,2562
1459,3188
1460,2286
1460,3060
1460,3117
1460,3190
1460,3674
1461,136
1461,947
1461,3195
1461,3491
1461,3788
1462,613
1462,918
1462,942
1462,3196
1462,3816
1463,662
1463,2560
1463,3140
1463,3197
1463,3688
1464,880
1464,1211
1464,2514
1464,3199
1464,3250
1465,386
1465,793
1465,1319
1465,3202
1465,3229
1466,12
1466,559
1466,1467
1466,1780
1466,3204
1467,971
1467,1506
1467,2167
1467,2666
1467,3205
1468,44
1468,1624
1468,1638
1468,3207
1468,3252
1469,886
1469,953
1469,1720
1469,3170
1469,3208
1470,50
1470,1238
1470,1531
1470,2791
1470,3212
1471,267
1471,536
1471,3019
1471,3038
1471,3213
1472,530
1472,726
1472,783
1472,1981
1472,3217
1473,155
1473,631
1473,865
1473,2251
1473,3218
1474,11
1474,843
1474,1415
1474,1635
1474,3221
1475,970
1475,1457
1475,2113
1475,3017
1475,3225
1476,931
1476,1535
1476,2903
1476,3227
1476,3338
1477,346
1477,2001
1477,2180
1477,3230
1477,3517
1478,385
1478,1104
1478,2290
1478,3233
1478,3684
1479,473
1479,659
1479,916
1479,1424
1479,3236
1480,274
1480,604
1480,1837
1480,1970
1480,3239
1481,2068
1481,2406
1481,2890
1481,3241
1481,3315
1482,1174
1482,1676
1482,3160
1482,3244
1482,3456
1483,549
1483,2232
1483,2593
1483,3246
1483,3578
1484,125
1484,1734
1484,2000
1484,2542
1484,3248
1485,490
1485,907
1485,1935
1485,3250
1485,3340
1486,2240
1486,2441
1486,2532
1486,3251
1486,3588
1487,631
1487,2778
1487,2978
1487,3254
1487,3530
1488,374
1488,1858
1488,2269
1488,2484
1488,3257
1489,1409
1489,1656
1489,1735
1489,3259
1489,3630
1490,1641
1490,2490
1490,2769
1490,3115
1490,3263
1491,655
1491,707
1491,1254
1491,3265
1491,3431
1492,500
1492,1665
1492,2343
1492,3267
1492,3523
1493,155
1493,755
1493,1913
1493,2829
1493,3268
1494,550
1494,872
1494,1002
1494,2493
1494,3271
1495,918
1495,2280
1495,3196
1495,3273
1495,3726
1496,2375
1496,3274
1496,3345
1496,3498
1496,3868
1497,553
1497,1750
1497,1763
1497,2301
1497,3276
1498,2295
1498,2542
1498,2889
1498,3277
1498,3515
1499,954
1499,1620
1499,1880
1499,3280
1499,3703
1500,1730
1500,1897
1500,3163
1500,3281
1500,3357
1501,254
1501,1556
1501,3153
1501,3282
1501,3576
1502,1178
1502,1558
1502,3286
1502,3346
1502,3686
1503,59
1503,1937
1503,2400
1503,3177
1503,3287
1504,1381
1504,1501
1504,2820
1504,3230
1504,3289
1505,967
1505,2680
1505,3291
1505,3823
1505,3889
1506,67
1506,1635
1506,2015
1506,3293
1506,3543
1507,1585
1507,1990
1507,2365
1507,3296
1507,3361
1508,1068
1508,1528
1508,2524
1508,3299
1508,3408
1509,276
1509,2572
1509,2781
1509,3300
1509,3527
1510,1
1510,1278
1510,3302
1510,3639
1510,3774
1511,135
1511,1989
1511,2592
1511,3305
1511,3728
1512,231
1512,2234
1512,2922
1512,3310
1512,3839
1513,113
1513,207
1513,2607
1513,3311
1513,3359
1514,1950
1514,2918
1514,3177
1514,3314
1514,3334
1515,32
1515,1065
1515,1978
1515,3295
1515,3316
1516,1275
1516,2761
1516,3320
1516,3410
1516,3800
1517,415
1517,1552
1517,3195
1517,3324
1517,3685
1518,789
1518,1966
1518,3111
1518,3326
1518,3592
1519,510
1519,1195
1519,2290
1519,3263
1519,3327
1520,1561
1520,2242
1520,2957
1520,3329
1520,3803
1521,603
1521,1067
1521,2329
1521,2855
1521,3332
1522,1621
1522,3208
1522,3333
1522,3439
1522,3606
1523,1822
1523,2379
1523,2723
1523,3202
1523,3335
1524,419
1524,632
1524,930
1524,2300
1524,3338
1525,218
1525,1405
1525,1721
1525,2502
1525,3339
1526,970
1526,1428
1526,2184
1526,3115
1526,3342
1527,2481
1527,2482
1527,3274
1527,3345
1527,3449
1528,102
1528,774
1528,854
1528,2411
1528,3346
1529,208
1529,1195
1529,1259
1529,3006
1529,3350
1530,350
1530,1566
1530,2999
1530,3003
1530,3352
1531,443
1531,561
1531,1887
1531,1923
1531,3353
1532,719
1532,1277
1532,2569
1532,2571
1532,3355
1533,494
1533,2698
1533,3359
1533,3411
1533,3541
1534,2908
1534,3362
1534,3441
1534,3685
1534,3755
1535,26
1535,215
1535,1499
1535,1927
1535,3364
1536,98
1536,1545
1536,1694
1536,2055
1536,3367
1537,231
1537,938
1537,2490
1537,3285
1537,3369
1538,296
1538,643
1538,1686
1538,3101
1538,3374
1539,492
1539,1042
1539,3106
1539,3376
1539,3643
1540,157
1540,1035
1540,1268
1540,2158
1540,3377
1541,754
1541,1541
1541,1917
1541,2098
1541,3379
1542,668
1542,1232
1542,2070
1542,2192
1542,3382
1543,448
1543,1217
1543,2309
1543,2425
1543,3388
1544,960
1544,1550
1544,1819
1544,1877
1544,3390
1545,23
1545,488
1545,1577
1545,2938
1545,3395
1546,943
1546,3396
1546,3434
1546,3575
1546,3597
1547,534
1547,2662
1547,2716
1547,3251
1547,3397
1548,37
1548,1067
1548,1126
1548,1818
1548,3400
1549,226
1549,1296
1549,2608
1549,2856
1549,3401
1550,997
1550,2140
1550,3402
1550,3466
1550,3876
1551,924
1551,1080
1551,1477
1551,2877
1551,3405
1552,911
1552,1045
1552,2114
1552,3406
1552,3519
1553,183
1553,1244
1553,1389
1553,1744
1553,3409
1554,274
1554,448
1554,2417
1554,3408
1554,3410
1555,702
1555,748
1555,2289
1555,3411
1555,3506
1556,393
1556,1395
1556,2906
1556,3413
1556,3809
1557,1831
1557,2305
1557,2338
1557,2988
1557,3415
1558,152
1558,617
1558,2556
1558,3152
1558,3418
1559,348
1559,421
1559,434
1559,1491
1559,3420
1560,992
1560,2532
1560,2649
1560,2923
1560,3421
1561,1758
1561,2132
1561,2185
1561,3274
1561,3425
1562,1092
1562,3378
1562,3427
1562,3752
1562,3861
1563,1316
1563,1799
1563,3428
1563,3497
1563,3789
1564,2588
1564,2807
1564,3429
1564,3616
1564,3851
1565,327
1565,1786
1565,1813
1565,3431
1565,3660
1566,765
1566,2590
1566,3387
1566,3432
1566,3915
1567,2115
1567,2907
1567,3023
1567,3435
1567,3811
1568,159
1568,491
1568,3145
1568,3275
1568,3436
1569,895
1569,1315
1569,1836
1569,2514
1569,3439
1570,599
1570,944
1570,2483
1570,2824
1570,3441
1571,339
1571,2078
1571,2167
1571,2257
1571,3442
1572,53
1572,2271
1572,2325
1572,2954
1572,3445
1573,917
1573,2007
1573,2033
1573,3041
1573,3447
1574,2132
1574,2185
1574,3150
1574,3425
1574,3448
1575,133
1575,903
1575,3452
1575,3457
1575,3496
1576,590
1576,918
1576,2423
1576,2612
1576,3454
1577,200
1577,840
1577,1012
1577,3319
1577,3457
1578,390
1578,402
1578,834
1578,2176
1578,3459
1579,836
1579,1694
1579,2055
1579,3462
1579,3562
1580,258
1580,3141
1580,3463
1580,3763
1580,3838
1581,1237
1581,1668
1581,2224
1581,2851
1581,3464
1582,399
1582,1143
1582,1744
1582,3467
1582,3734
1583,504
1583,2471
1583,2914
1583,3468
1583,3745
1584,303
1584,1793
1584,2202
1584,3250
1584,3469
1585,485
1585,1016
1585,2387
1585,3092
1585,3470
1586,515
1586,1906
1586,1929
1586,2478
1586,3473
1587,1115
1587,1626
1587,1631
1587,2504
1587,3474
1588,806
1588,1733
1588,2372
1588,3309
1588,3475
1589,186
1589,233
1589,1199
1589,2900
1589,3479
1590,207
1590,753
1590,1474
1590,2736
1590,3481
1591,1956
1591,2483
1591,3370
1591,3484
1591,3540
1592,57
1592,262
1592,3013
1592,3260
1592,3487
1593,2549
1593,2570
1593,3214
1593,3489
1593,3821
1594,2051
1594,2718
1594,3095
1594,3417
1594,3492
1595,356
1595,787
1595,1339
1595,2952
1595,3493
1596,603
1596,958
1596,2057
1596,3378
1596,3495
1597,1574
1597,2375
1597,2482
1597,3448
1597,3497
1598,560
1598,1064
1598,1675
1598,2821
1598,3500
1599,1424
1599,1651
1599,2530
1599,3134
1599,3501
1600,113
1600,2507
1600,2871
1600,3232
1600,3505
1601,465
1601,903
1601,1216
1601,1343
1601,3507
1602,782
1602,2877
1602,3180
1602,3508
1602,3757
1603,408
1603,707
1603,1137
1603,3489
1603,3511
1604,469
1604,3122
1604,3199
1604,3422
1604,3512
1605,2
1605,162
1605,1205
1605,2778
1605,3513
1606,1874
1606,2008
1606,2899
1606,3514
1606,3696
1607,1546
1607,2204
1607,2225
1607,3464
1607,3516
1608,562
1608,646
1608,1738
1608,3521
1608,3760
1609,46
1609,614
1609,2169
1609,3468
1609,3522
1610,1670
1610,2319
1610,2339
1610,3250
1610,3524
1611,1882
1611,1893
1611,2528
1611,3098
1611,3526
1612,2040
1612,2475
1612,3410
1612,3528
1612,3811
1613,729
1613,1018
1613,1910
1613,2079
1613,3530
1614,1282
1614,2285
1614,2838
1614,3400
1614,3534
1615,1199
1615,1495
1615,1641
1615,1664
1615,3535
1616,393
1616,841
1616,1729
1616,1816
1616,3538
1617,575
1617,1434
1617,1811
1617,2837
1617,3540
1618,375
1618,1548
1618,2243
1618,2308
1618,3541
1619,153
1619,1338
1619,2767
1619,3543
1619,3593
1620,1018
1620,1210
1620,1847
1620,3544
1620,3704
1621,1475
1621,2458
1621,2693
1621,3545
1621,3548
1622,1419
1622,2920
1622,3111
1622,3548
1622,3595
1623,345
1623,1552
1623,3528
1623,3549
1623,3786
1624,207
1624,1224
1624,1359
1624,3551
1624,3616
1625,908
1625,2521
1625,2640
1625,2731
1625,3552
1626,133
1626,2619
1626,2847
1626,3229
1626,3554
1627,448
1627,919
1627,2524
1627,3435
1627,3556
1628,144
1628,1155
1628,2813
1628,3143
1628,3557
1629,297
1629,468
1629,2605
1629,3558
1629,3793
1630,193
1630,678
1630,680
1630,3460
1630,3561
1631,333
1631,2189
1631,2294
1631,3045
1631,3562
1632,1093
1632,2242
1632,2350
1632,2878
1632,3564
1633,492
1633,1884
1633,2888
1633,3566
1633,3703
1634,1950
1634,2095
1634,2228
1634,3094
1634,3568
1635,1434
1635,1490
1635,1975
1635,2776
1635,3569
1636,1847
1636,2305
1636,2502
1636,2615
1636,3570
1637,1656
1637,2650
1637,2821
1637,3515
1637,3571
1638,1460
1638,3458
1638,3576
1638,3628
1638,3770
1639,216
1639,609
1639,1696
1639,3577
1639,3706
1640,819
1640,1016
1640,1088
1640,1310
1640,3578
1641,83
1641,2128
1641,2208
1641,2568
1641,3579
1642,75
1642,1565
1642,1977
1642,2139
1642,3583
1643,1833
1643,1876
1643,3584
1643,3849
1643,3898
1644,100
1644,523
1644,1495
1644,2149
1644,3585
1645,1693
1645,1905
1645,2630
1645,3465
1645,3588
1646,123
1646,1085
1646,2418
1646,3466
1646,3590
1647,101
1647,2558
1647,3536
1647,3593
1647,3834
1648,1126
1648,2675
1648,3393
1648,3595
1648,3909
1649,1577
1649,2848
1649,3446
1649,3597
1649,3698
1650,1025
1650,2325
1650,3135
1650,3163
1650,3599
1651,231
1651,626
1651,1352
1651,2877
1651,3602
1652,18
1652,2706
1652,3177
1652,3340
1652,3605
1653,564
1653,1405
1653,1613
1653,1620
1653,3607
1654,42
1654,882
1654,1865
1654,3608
1654,3892
1655,1373
1655,3572
1655,3609
1655,3649
1655,3826
1656,785
1656,1157
1656,1555
1656,3611
1656,3653
1657,1338
1657,1345
1657,2133
1657,3165
1657,3612
1658,1309
1658,1695
1658,2272
1658,2336
1658,3613
1659,399
1659,944
1659,1366
1659,3615
1659,3915
1660,141
1660,249
1660,1849
1660,3618
1660,3882
1661,287
1661,551
1661,1057
1661,1132
1661,3621
1662,1154
1662,1331
1662,2769
1662,2980
1662,3624
1663,829
1663,1197
1663,1897
1663,2111
1663,3626
1664,1499
1664,1732
1664,3077
1664,3456
1664,3627
1665,97
1665,129
1665,851
1665,2654
1665,3630
1666,219
1666,243
1666,1124
1666,3554
1666,3631
1667,80
1667,1822
1667,2028
1667,2115
1667,3633
1668,169
1668,2892
1668,3620
1668,3634
1668,3890
1669,26
1669,662
1669,1560
1669,1990
1669,3636
1670,750
1670,2035
1670,2641
1670,3355
1670,3639
1671,1227
1671,1596
1671,2560
1671,3212
1671,3640
1672,661
1672,1148
1672,1624
1672,3140
1672,3642
1673,405
1673,2504
1673,2563
1673,2794
1673,3643
1674,452
1674,1369
1674,1488
1674,3027
1674,3646
1675,189
1675,991
1675,1358
1675,2021
1675,3650
1676,714
1676,978
1676,3049
1676,3539
1676,3651
1677,62
1677,523
1677,974
1677,2675
1677,3652
1678,687
1678,2326
1678,2357
1678,2444
1678,3654
1679,510
1679,938
1679,946
1679,1092
1679,3656
1680,436
1680,573
1680,1899
1680,3307
1680,3658
1681,161
1681,1215
1681,2451
1681,3099
1681,3660
1682,747
1682,867
1682,1433
1682,2028
1682,3663
1683,1303
1683,1418
1683,3260
1683,3664
1683,3911
1684,759
1684,1067
1684,3335
1684,3336
1684,3666
1685,271
1685,819
1685,1118
1685,1768
1685,3668
1686,517
1686,546
1686,982
1686,2435
1686,3670
1687,419
1687,930
1687,1166
1687,3199
1687,3671
1688,1432
1688,2108
1688,3479
1688,3676
1688,3814
1689,11
1689,429
1689,1400
1689,1800
1689,3678
1690,276
1690,1035
1690,2028
1690,2857
1690,3681
1691,954
1691,1387
1691,1579
1691,3177
1691,3682
1692,1948
1692,2455
1692,2607
1692,3362
1692,3685
1693,679
1693,2341
1693,3481
1693,3686
1693,3788
1694,1122
1694,2074
1694,2924
1694,3383
1694,3687
1695,218
1695,754
1695,1480
1695,1770
1695,3691
1696,596
1696,1167
1696,1938
1696,2602
1696,3692
1697,221
1697,593
1697,1101
1697,3695
1697,3867
1698,808
1698,904
1698,2855
1698,3698
1698,3893
1699,514
1699,984
1699,1934
1699,3704
1699,3820
1700,487
1700,1726
1700,1956
1700,3178
1700,3705
1701,245
1701,2106
1701,2358
1701,2542
1701,3706
1702,640
1702,897
1702,2802
1702,3419
1702,3709
1703,545
1703,1027
1703,1111
1703,2669
1703,3710
1704,436
1704,686
1704,2544
1704,2833
1704,3711
1705,1134
1705,1269
1705,2102
1705,3453
1705,3718
1706,510
1706,3164
1706,3266
1706,3484
1706,3720
1707,124
1707,1850
1707,2186
1707,3725
1707,3740
1708,1075
1708,1134
1708,1808
1708,2002
1708,3726
1709,1150
1709,2034
1709,2697
1709,3728
1709,3910
1710,217
1710,2008
1710,2050
1710,3406
1710,3730
1711,339
1711,2567
1711,2896
1711,3047
1711,3734
1712,1615
1712,2024
1712,3271
1712,3435
1712,3736
1713,1167
1713,1205
1713,1934
1713,2835
1713,3738
1714,664
1714,834
1714,2068
1714,2665
1714,3739
1715,462
1715,594
1715,2336
1715,2597
1715,3742
1716,2069
1716,2622
1716,2710
1716,2747
1716,3744
1717,929
1717,1028
1717,1273
1717,3457
1717,3745
1718,602
1718,1476
1718,1919
1718,3225
1718,3746
1719,189
1719,2110
1719,2842
1719,2869
1719,3749
1720,1550
1720,1611
1720,1865
1720,3508
1720,3752
1721,1493
1721,1975
1721,3050
1721,3755
1721,3879
1722,1618
1722,2656
1722,3029
1722,3734
1722,3758
1723,644
1723,859
1723,2354
1723,3054
1723,3761
1724,153
1724,703
1724,2113
1724,3289
1724,3763
1725,81
1725,620
1725,2575
1725,3338
1725,3765
1726,349
1726,1867
1726,2390
1726,3049
1726,3767
1727,3182
1727,3458
1727,3680
1727,3770
1727,3801
1728,184
1728,391
1728,682
1728,1705
1728,3771
1729,1549
1729,2226
1729,2595
1729,3391
1729,3772
1730,864
1730,1721
1730,2815
1730,3568
1730,3775
1731,204
1731,1733
1731,2109
1731,2181
1731,3777
1732,211
1732,358
1732,909
1732,2696
1732,3780
1733,419
1733,1081
1733,1812
1733,2726
1733,3782
1734,294
1734,1266
1734,1730
1734,1828
1734,3785
1735,1494
1735,3150
1735,3789
1735,3868
1735,3869
1736,227
1736,929
1736,2309
1736,3585
1736,3790
1737,281
1737,2179
1737,2887
1737,3338
1737,3791
1738,985
1738,1880
1738,3302
1738,3379
1738,3792
1739,1641
1739,2045
1739,2292
1739,3341
1739,3795
1740,8
1740,735
1740,1729
1740,2000
1740,3797
1741,213
1741,434
1741,1993
1741,3584
1741,3799
1742,300
1742,961
1742,1464
1742,1556
1742,3801
1743,676
1743,997
1743,1021
1743,1926
1743,3803
1744,2064
1744,2198
1744,2199
1744,3804
1744,3910
1745,1802
1745,2605
1745,3296
1745,3636
1745,3807
1746,1027
1746,1863
1746,1900
1746,2934
1746,3809
1747,1035
1747,1193
1747,1544
1747,2413
1747,3811
1748,268
1748,2368
1748,2948
1748,3566
1748,3812
1749,613
1749,1577
1749,3129
1749,3595
1749,3816
1750,1402
1750,2058
1750,2111
1750,2663
1750,3817
1751,1043
1751,2640
1751,3042
1751,3265
1751,3820
1752,1249
1752,1410
1752,1622
1752,2147
1752,3825
1753,548
1753,1111
1753,1803
1753,2594
1753,3826
1754,313
1754,372
1754,385
1754,459
1754,3830
1755,6
1755,2605
1755,3785
1755,3831
1755,3835
1756,793
1756,2850
1756,3810
1756,3834
1756,3864
1757,333
1757,398
1757,559
1757,1032
1757,3835
1758,62
1758,575
1758,1916
1758,2826
1758,3838
1759,530
1759,1688
1759,2429
1759,3487
1759,3841
1760,66
1760,1840
1760,3192
1760,3843
1760,3887
1761,1115
1761,1559
1761,1614
1761,3845
1761,3874
1762,98
1762,899
1762,3238
1762,3803
1762,3846
1763,68
1763,275
1763,2547
1763,3066
1763,3847
1764,861
1764,1238
1764,1266
1764,3807
1764,3848
1765,474
1765,1733
1765,2078
1765,2858
1765,3851
1766,132
1766,259
1766,2398
1766,3406
1766,3852
1767,1114
1767,1420
1767,2003
1767,2864
1767,3853
1768,431
1768,554
1768,1933
1768,1973
1768,3855
1769,1713
1769,2077
1769,2751
1769,3029
1769,3856
1770,134
1770,2152
1770,3036
1770,3714
1770,3860
1771,815
1771,1487
1771,2032
1771,3711
1771,3863
1772,151
1772,825
1772,2099
1772,2877
1772,3864
1773,325
1773,1542
1773,2098
1773,3253
1773,3866
1774,2161
1774,2545
1774,3087
1774,3573
1774,3870
1775,145
1775,599
1775,1361
1775,1397
1775,3873
1776,912
1776,1670
1776,2212
1776,2764
1776,3874
1777,2020
1777,2070
1777,2955
1777,3146
1777,3876
1778,81
1778,1787
1778,2705
1778,2707
1778,3877
1779,550
1779,1790
1779,2307
1779,2966
1779,3879
1780,511
1780,679
1780,1105
1780,1183
1780,3881
1781,294
1781,451
1781,1697
1781,3295
1781,3883
1782,1514
1782,2169
1782,2692
1782,2996
1782,3885
1783,2814
1783,3109
1783,3142
1783,3857
1783,3886
1784,102
1784,2627
1784,2676
1784,3129
1784,3887
1785,829
1785,1170
1785,2027
1785,3281
1785,3890
1786,1144
1786,1280
1786,1437
1786,3847
1786,3891
1787,307
1787,1834
1787,2445
1787,3542
1787,3892
1788,1854
1788,2092
1788,2890
1788,3753
1788,3897
1789,376
1789,3503
1789,3746
1789,3788
1789,3899
1790,1068
1790,1199
1790,2086
1790,2360
1790,3901
1791,316
1791,442
1791,1786
1791,3791
1791,3902
1792,105
1792,516
1792,1152
1792,1213
1792,3904
1793,964
1793,1517
1793,1916
1793,2507
1793,3905
1794,238
1794,1504
1794,2511
1794,3415
1794,3906
1795,1052
1795,2314
1795,3389
1795,3432
1795,3908
1796,1582
1796,3179
1796,3342
1796,3427
1796,3910
1797,659
1797,1240
1797,2321
1797,3179
1797,3911
1798,264
1798,1122
1798,1708
1798,2596
1798,3912
1799,659
1799,1353
1799,1736
1799,1742
1799,3916
1800,450
1800,2099
1800,2454
1800,3815
1800,3918
