id,word,day
1,annual,1
2,rental,1
3,proceeds,1
4,deliver,1
5,refund,1
6,enclose,1
7,vibrant,1
8,previous,1
9,exceptional,1
10,valuable,1
11,insight,1
12,toss,1
13,register,1
14,abandon,1
15,reassure,1
16,overwhelm,1
17,barefoot,1
18,moss,1
19,patch,1
20,hum,1
21,wander,1
22,sculpture,1
23,exhibition,1
24,appreciate,1
25,explore,1
26,unconsciousness,1
27,shallow,1
28,eyelid,1
29,astonishment,1
30,presence,1
31,prevalence,2
32,packaging,2
33,coin,2
34,adverse,2
35,shrink,2
36,interpret,2
37,express,2
38,compliment,2
39,positive,2
40,duration,2
41,subsequent,2
42,gloomy,2
43,continuous,2
44,define,2
45,impose,2
46,urge,2
47,variation,2
48,overcome,2
49,address,2
50,prompt,2
51,comfy,2
52,luxury,2
53,toolkit,2
54,promote,2
55,tackle,2
56,ethical,2
57,crisis,2
58,contradict,2
59,adaptation,2
60,frustration,2
61,approximation,3
62,discourse,3
63,pollster,3
64,methodology,3
65,tolerate,3
66,pen,3
67,domestication,3
68,breed,3
69,blend,3
70,acknowledgment,3
71,considerable,3
72,derivative,3
73,impulse,3
74,deliberate,3
75,reflective,3
76,reverse,3
77,detect,3
78,intensive,3
79,instantaneous,3
80,respective,3
81,portray,3
82,depict,3
83,crucial,3
84,barrier,3
85,favor,3
86,stereotype,3
87,evaluate,3
88,impression,3
89,maintain,3
90,numerous,3
91,costly,4
92,humiliation,4
93,elimination,4
94,emergence,4
95,consequence,4
96,exclusion,4
97,analysis,4
98,motive,4
99,demonstrate,4
100,construct,4
101,medium,4
102,proper,4
103,measure,4
104,slight,4
105,format,4
106,witness,4
107,tropical,4
108,feature,4
109,expenditure,4
110,exceed,4
111,constitute,4
112,report,4
113,edge,4
114,assistant,4
115,official,4
116,ridicule,4
117,enormous,4
118,occupy,4
119,priest,4
120,region,4
121,overrun,5
122,receive,5
123,enthusiastic,5
124,publish,5
125,logician,5
126,found,5
127,scholarship,5
128,interrupt,5
129,decode,5
130,relive,5
131,gather,5
132,equipment,5
133,maximum,5
134,fee,5
135,engaging,5
136,submission,5
137,location,5
138,induce,5
139,vague,5
140,sponsor,5
141,ecological,5
142,suspect,5
143,convey,5
144,compression,5
145,vertical,5
146,distinct,5
147,comprehension,5
148,recollect,5
149,actual,5
150,store,5
151,fundamental,6
152,involve,6
153,means,6
154,derive,6
155,desire,6
156,compel,6
157,consume,6
158,outweigh,6
159,hindrance,6
160,virtual,6
161,monetary,6
162,scope,6
163,coordination,6
164,anew,6
165,familiarity,6
166,prime,6
167,conclude,6
168,induction,6
169,occurrence,6
170,prevail,6
171,obscure,6
172,manual,6
173,innovation,6
174,device,6
175,facilitate,6
176,relieve,6
177,afford,6
178,virtue,6
179,possess,6
180,capacity,6
181,endow,7
182,excel,7
183,differentiate,7
184,chronic,7
185,genuine,7
186,avid,7
187,disinterest,7
188,fault,7
189,inexcusable,7
190,comment,7
191,valid,7
192,lack,7
193,monitor,7
194,status,7
195,preventive,7
196,skyrocket,7
197,evolve,7
198,lower,7
199,sensation,7
200,reproductive,7
201,mental,7
202,impact,7
203,disadvantaged,7
204,suitable,7
205,access,7
206,venue,7
207,bother,7
208,dietetic,7
209,burden,7
210,embarrassment,7
211,vary,8
212,discrimination,8
213,myth,8
214,thrive,8
215,efficient,8
216,calculation,8
217,document,8
218,ingenuity,8
219,organic,8
220,fatten,8
221,strict,8
222,barn,8
223,mound,8
224,assemble,8
225,gigantic,8
226,delegate,8
227,intense,8
228,bitter,8
229,term,8
230,trace,8
231,candidate,8
232,representation,8
233,signify,8
234,comparison,8
235,plasticity,8
236,constant,8
237,trigger,8
238,secondary,8
239,intake,8
240,specialist,8
241,intrinsic,9
242,interdisciplinary,9
243,subtlety,9
244,collaboration,9
245,count,9
246,localized,9
247,exist,9
248,territory,9
249,conflict,9
250,expose,9
251,grant,9
252,notion,9
253,divine,9
254,conception,9
255,replace,9
256,brilliant,9
257,wage,9
258,preferable,9
259,vanish,9
260,current,9
261,employ,9
262,output,9
263,appropriate,9
264,shelter,9
265,occupation,9
266,adopt,9
267,expand,9
268,momentary,9
269,endure,9
270,revolution,9
271,distortion,10
272,visual,10
273,strive,10
274,linguistic,10
275,origin,10
276,faculty,10
277,institution,10
278,constrained,10
279,recruitment,10
280,alienate,10
281,accustomed,10
282,bias,10
283,categorize,10
284,criticism,10
285,inclusive,10
286,objective,10
287,detachment,10
288,superior,10
289,viewpoint,10
290,holistic,10
291,artificial,10
292,worsen,10
293,neutral,10
294,safeguard,10
295,preach,10
296,impartiality,10
297,imprint,10
298,casual,10
299,dense,10
300,former,10
301,frequency,11
302,defend,11
303,reason,11
304,sneak,11
305,cover,11
306,allowance,11
307,grab,11
308,microscope,11
309,imitate,11
310,lounge,11
311,massive,11
312,filter,11
313,insistent,11
314,apologetic,11
315,hesitate,11
316,navigate,11
317,hostile,11
318,annoyance,11
319,session,11
320,honorable,11
321,permanent,11
322,descendant,11
323,hospitality,11
324,disregard,11
325,treaty,11
326,crisp,11
327,upbeat,11
328,stretch,11
329,decent,11
330,invisible,11
331,plough,12
332,attach,12
333,persistent,12
334,harvest,12
335,immune,12
336,hardship,12
337,illustrate,12
338,geography,12
339,intellectual,12
340,colony,12
341,equivalent,12
342,convert,12
343,inspection,12
344,contaminate,12
345,microbiology,12
346,refrigeration,12
347,package,12
348,improve,12
349,implement,12
350,landfill,12
351,prove,12
352,legislation,12
353,obtain,12
354,prevailing,12
355,represent,12
356,pose,12
357,abundance,12
358,pressure,12
359,periodic,12
360,erosion,12
361,minimum,13
362,proceed,13
363,laboratory,13
364,phenomenon,13
365,philosophy,13
366,abuse,13
367,obedience,13
368,endeavor,13
369,expensive,13
370,resentment,13
371,celebrate,13
372,blanket,13
373,passion,13
374,restructure,13
375,authority,13
376,arise,13
377,mainstream,13
378,insist,13
379,flourish,13
380,discount,13
381,reject,13
382,secret,13
383,formulate,13
384,harmony,13
385,foreground,13
386,amplify,13
387,dismiss,13
388,distressed,13
389,implication,13
390,framework,13
391,estimate,14
392,modest,14
393,subsidize,14
394,consensus,14
395,contribute,14
396,relationship,14
397,rate,14
398,susceptible,14
399,physiological,14
400,empathy,14
401,finding,14
402,emotional,14
403,activation,14
404,bind,14
405,integrate,14
406,primitive,14
407,awkward,14
408,aggressive,14
409,admit,14
410,flee,14
411,gap,14
412,competent,14
413,minute,14
414,beverage,14
415,legendary,14
416,scheme,14
417,earnings,14
418,outcry,14
419,distaste,14
420,infection,14
421,distribution,15
422,digestion,15
423,haunted,15
424,supernatural,15
425,universal,15
426,application,15
427,fragile,15
428,cutback,15
429,management,15
430,quarter,15
431,downturn,15
432,supervisor,15
433,entire,15
434,fantastic,15
435,jewelry,15
436,solution,15
437,fluid,15
438,offer,15
439,strategy,15
440,proposition,15
441,establish,15
442,restrict,15
443,foundation,15
444,include,15
445,personal,15
446,polite,15
447,corporate,15
448,degree,15
449,raise,15
450,physician,15
451,secure,16
452,purchase,16
453,insurance,16
454,passenger,16
455,companion,16
456,stroller,16
457,vote,16
458,announce,16
459,incentive,16
460,cease,16
461,vast,16
462,obsessive,16
463,spot,16
464,launch,16
465,deter,16
466,attack,16
467,comparative,16
468,examine,16
469,relative,16
470,specialization,16
471,custom,16
472,formalization,16
473,administrator,16
474,livelihood,16
475,strain,16
476,release,16
477,factual,16
478,reflect,16
479,inability,16
480,aesthetic,16
481,subject,17
482,embody,17
483,extract,17
484,exhaust,17
485,target,17
486,devastating,17
487,fuel,17
488,factor,17
489,production,17
490,conceptualize,17
491,commodity,17
492,advocate,17
493,sufficient,17
494,collective,17
495,associate,17
496,acquire,17
497,poison,17
498,generation,17
499,reputation,17
500,invade,17
501,conservative,17
502,punishment,17
503,currency,17
504,correct,17
505,kin,17
506,similarity,17
507,lazy,17
508,notice,17
509,struggle,17
510,hospitalize,17
511,willingness,18
512,outfit,18
513,distracted,18
514,dumb,18
515,confront,18
516,clutter,18
517,decorate,18
518,inhabit,18
519,gravity,18
520,incorporate,18
521,identity,18
522,internalize,18
523,minority,18
524,stimulus,18
525,habitual,18
526,convention,18
527,calling,18
528,capture,18
529,legacy,18
530,majority,18
531,scenic,18
532,venture,18
533,steep,18
534,inhibit,18
535,unique,18
536,personality,18
537,praise,18
538,attribute,18
539,conduct,18
540,abstract,18
541,grasp,19
542,host,19
543,debt,19
544,routine,19
545,finite,19
546,deposit,19
547,ultimate,19
548,realism,19
549,introduce,19
550,sympathy,19
551,compose,19
552,validation,19
553,medieval,19
554,rural,19
555,refuge,19
556,degradation,19
557,confuse,19
558,combine,19
559,huge,19
560,translate,19
561,tendency,19
562,recipient,19
563,attitude,19
564,diminish,19
565,resort,19
566,convince,19
567,describe,19
568,generous,19
569,purse,19
570,nearby,19
571,procedure,20
572,discomfort,20
573,disappointed,20
574,afraid,20
575,context,20
576,landscape,20
577,investment,20
578,bankruptcy,20
579,vitality,20
580,adequate,20
581,shortage,20
582,outbreak,20
583,runoff,20
584,deplete,20
585,district,20
586,obligation,20
587,hierarchy,20
588,tension,20
589,clarification,20
590,manufacture,20
591,vacuum,20
592,intrigue,20
593,modify,20
594,consist,20
595,showcase,20
596,tryout,20
597,particle,20
598,solidity,20
599,electron,20
600,resist,20
601,random,21
602,metaphor,21
603,yawn,21
604,edit,21
605,dip,21
606,quantity,21
607,arithmetic,21
608,instance,21
609,specific,21
610,compensate,21
611,umpire,21
612,contemporary,21
613,landmark,21
614,reference,21
615,alternative,21
616,arrival,21
617,relocate,21
618,transmission,21
619,diffusion,21
620,medication,21
621,spirituality,21
622,parallel,21
623,subjective,21
624,molecule,21
625,classify,21
626,storage,21
627,comply,21
628,deforestation,21
629,offset,21
630,renew,21
631,inject,22
632,flat,22
633,encounter,22
634,resemblance,22
635,undermine,22
636,clue,22
637,escalate,22
638,reaction,22
639,norm,22
640,likelihood,22
641,keen,22
642,dominate,22
643,formation,22
644,bureaucracy,22
645,primary,22
646,disruptive,22
647,demanding,22
648,adjust,22
649,demand,22
650,profit,22
651,recognize,22
652,experiment,22
653,vividly,22
654,variable,22
655,hypothesis,22
656,prejudice,22
657,assume,22
658,arbitrary,22
659,flexibility,22
660,fluent,22
661,extensive,23
662,concrete,23
663,confines,23
664,exploit,23
665,claw,23
666,decline,23
667,sustainability,23
668,retain,23
669,relevance,23
670,intervention,23
671,habitat,23
672,agent,23
673,underestimate,23
674,misleading,23
675,criterion,23
676,adversary,23
677,withdraw,23
678,domestic,23
679,elaborate,23
680,physical,23
681,boundary,23
682,allocate,23
683,erosive,23
684,peer,23
685,symptom,23
686,overstate,23
687,compromise,23
688,pitfall,23
689,income,23
690,statement,23
691,reveal,24
692,disclose,24
693,commitment,24
694,deviate,24
695,legislator,24
696,controversial,24
697,violate,24
698,extend,24
699,opportunity,24
700,converge,24
701,deceive,24
702,shade,24
703,anonymous,24
704,bluntly,24
705,constructive,24
706,further,24
707,accountability,24
708,occasion,24
709,worthwhile,24
710,export,24
711,scarcity,24
712,lifespan,24
713,counteract,24
714,informal,24
715,involuntary,24
716,absolute,24
717,rapid,24
718,tremendous,24
719,partial,24
720,comprise,24
721,utterance,25
722,perceptual,25
723,compelling,25
724,claim,25
725,render,25
726,flawless,25
727,scrutinize,25
728,entail,25
729,flock,25
730,evade,25
731,responsive,25
732,probability,25
733,opaque,25
734,ritual,25
735,transformation,25
736,intelligent,25
737,entrepreneurship,25
738,probe,25
739,hallmark,25
740,substantial,25
741,reciprocity,25
742,hamper,25
743,proximate,25
744,warrant,25
745,adolescent,25
746,aspiration,25
747,devote,25
748,spring,25
749,respect,25
750,anxiety,25
751,plausible,26
752,opponent,26
753,revenue,26
754,optimal,26
755,geological,26
756,reside,26
757,planetary,26
758,replicate,26
759,note,26
760,reconcile,26
761,prospective,26
762,benefit,26
763,rot,26
764,liberate,26
765,vegetation,26
766,mold,26
767,accumulate,26
768,sibling,26
769,overall,26
770,compete,26
771,coincide,26
772,evaporate,26
773,immediate,26
774,undergo,26
775,vestige,26
776,external,26
777,undertake,26
778,provoke,26
779,bypass,26
780,contain,26
781,tricky,27
782,odds,27
783,accurate,27
784,instant,27
785,financial,27
786,skepticism,27
787,accomplish,27
788,execute,27
789,capability,27
790,challenge,27
791,provide,27
792,evidence,27
793,crust,27
794,ore,27
795,underlying,27
796,psychiatry,27
797,threatening,27
798,advent,27
799,profound,27
800,constraint,27
801,onwards,27
802,wealthy,27
803,spectator,27
804,apparent,27
805,injury,27
806,fatality,27
807,attempt,27
808,commonsense,27
809,obvious,27
810,inborn,27
811,initiate,28
812,dynamics,28
813,post,28
814,ponder,28
815,chat,28
816,discern,28
817,dismissive,28
818,timely,28
819,devise,28
820,gut,28
821,significant,28
822,depression,28
823,invariably,28
824,inquiry,28
825,pursue,28
826,ancient,28
827,dorm,28
828,deserve,28
829,humanity,28
830,predict,28
831,precision,28
832,stubborn,28
833,prefer,28
834,contrast,28
835,condition,28
836,discover,28
837,satellite,28
838,imply,28
839,species,28
840,urban,28
841,metabolize,29
842,protein,29
843,intact,29
844,sentiment,29
845,component,29
846,element,29
847,fossil,29
848,prevent,29
849,reasonable,29
850,ignore,29
851,reward,29
852,surge,29
853,intuition,29
854,evoke,29
855,distinguish,29
856,pity,29
857,belong,29
858,sensible,29
859,dignity,29
860,shield,29
861,detrimental,29
862,athlete,29
863,average,29
864,die,29
865,verbal,29
866,identical,29
867,decision,29
868,trustworthy,29
869,fame,29
870,neighbor,29
871,vulnerable,30
872,ecosystem,30
873,environmental,30
874,dependent,30
875,consider,30
876,govern,30
877,behave,30
878,reliable,30
879,operate,30
880,mature,30
881,instinctive,30
882,stability,30
883,pioneering,30
884,prescription,30
885,implicit,30
886,article,30
887,delicate,30
888,immigrate,30
889,prosper,30
890,firm,30
891,classical,30
892,superficial,30
893,explicit,30
894,retention,30
895,forager,30
896,nuisance,30
897,severely,30
898,disaster,30
899,commercial,30
900,peasant,30
901,livestock,31
902,correlation,31
903,disposition,31
904,clever,31
905,analogy,31
906,crop,31
907,nutrient,31
908,nitrogen,31
909,population,31
910,ensure,31
911,suspicious,31
912,reception,31
913,protection,31
914,encourage,31
915,substitute,31
916,seemingly,31
917,blood,31
918,breathe,31
919,concentration,31
920,highlight,31
921,enforce,31
922,transportation,31
923,hire,31
924,track,31
925,designated,31
926,paradox,31
927,evolution,31
928,ape,31
929,statistics,31
930,manuscript,31
931,content,32
932,incidental,32
933,theory,32
934,principle,32
935,insincere,32
936,immense,32
937,invoke,32
938,slot,32
939,upset,32
940,awake,32
941,matter,32
942,meaningful,32
943,reserve,32
944,manipulation,32
945,latitude,32
946,fine,32
947,isolate,32
948,retreat,32
949,deprive,32
950,pretend,32
951,ratio,32
952,attend,32
953,poet,32
954,accompany,32
955,nonprofit,32
956,formal,32
957,enact,32
958,flip,32
959,bet,32
960,predator,32
961,captivity,33
962,nonsense,33
963,remind,33
964,recall,33
965,vowel,33
966,arrangement,33
967,exact,33
968,identify,33
969,necessary,33
970,overlapping,33
971,practical,33
972,practice,33
973,decade,33
974,draw,33
975,sequence,33
976,flooding,33
977,growth,33
978,lead,33
979,combat,33
980,exercise,33
981,regular,33
982,organism,33
983,fairly,33
984,efficacy,33
985,boost,33
986,seek,33
987,retrace,33
988,keystone,33
989,swell,33
990,scatter,33
991,responsibility,34
992,convenience,34
993,request,34
994,surgery,34
995,eternity,34
996,jargon,34
997,terminology,34
998,discipline,34
999,trajectory,34
1000,circumstance,34
1001,arena,34
1002,manipulate,34
1003,aroma,34
1004,sweetener,34
1005,assess,34
1006,bizarre,34
1007,respondent,34
1008,proportion,34
1009,merchant,34
1010,moisture,34
1011,automatically,34
1012,enrich,34
1013,cultivate,34
1014,account,34
1015,variety,34
1016,sermon,34
1017,rational,34
1018,disproportionate,34
1019,exaggerate,34
1020,irrelevant,34
1021,manifest,35
1022,traumatic,35
1023,maladaptive,35
1024,vigiliance,35
1025,sophisticated,35
1026,judge,35
1027,alert,35
1028,collision,35
1029,present,35
1030,cell,35
1031,persist,35
1032,sustain,35
1033,approach,35
1034,recite,35
1035,reproduce,35
1036,psychological,35
1037,perception,35
1038,realm,35
1039,sensory,35
1040,continuum,35
1041,neuron,35
1042,input,35
1043,correspond,35
1044,proponent,35
1045,restore,35
1046,preparation,35
1047,spur,35
1048,enlist,35
1049,reduction,35
1050,climatologist,35
1051,precipitation,36
1052,arid,36
1053,frost,36
1054,presentation,36
1055,interaction,36
1056,foster,36
1057,refrain,36
1058,instructional,36
1059,academic,36
1060,pedagogical,36
1061,crystal-clear,36
1062,structure,36
1063,section,36
1064,general,36
1065,mechanical,36
1066,oddly,36
1067,anthropologist,36
1068,private,36
1069,entitle,36
1070,insane,36
1071,breakdown,36
1072,soar,36
1073,discourage,36
1074,landslide,36
1075,obstacle,36
1076,fulfill,36
1077,determine,36
1078,challenging,36
1079,guardian,36
1080,patience,36
1081,issue,37
1082,concern,37
1083,principal,37
1084,ruin,37
1085,inconsiderate,37
1086,shrug,37
1087,squeeze,37
1088,singular,37
1089,credit,37
1090,exclusively,37
1091,falsified,37
1092,politician,37
1093,assertion,37
1094,blur,37
1095,ignite,37
1096,ambiguity,37
1097,process,37
1098,mindset,37
1099,antipathy,37
1100,conviction,37
1101,critical,37
1102,outperform,37
1103,omission,37
1104,embrace,37
1105,mediate,37
1106,enthusiast,37
1107,parameter,37
1108,democracy,37
1109,retire,37
1110,diagnose,37
1111,polar,38
1112,unforgettable,38
1113,facility,38
1114,compartment,38
1115,trait,38
1116,standardized,38
1117,temperament,38
1118,treat,38
1119,regard,38
1120,retrieve,38
1121,trap,38
1122,expend,38
1123,sequential,38
1124,threshold,38
1125,encode,38
1126,cognition,38
1127,guarantee,38
1128,consistent,38
1129,inherent,38
1130,ancestor,38
1131,intention,38
1132,scent,38
1133,offspring,38
1134,spatial,38
1135,directly,38
1136,condiment,38
1137,tough,38
1138,enterprise,38
1139,competitor,38
1140,recession,38
1141,relief,39
1142,share,39
1143,vehicle,39
1144,autonomous,39
1145,lengthy,39
1146,mimic,39
1147,policy,39
1148,immigrant,39
1149,ethnic,39
1150,predominate,39
1151,indigenous,39
1152,interchangeably,39
1153,pessimistic,39
1154,tangible,39
1155,quote,39
1156,copyright,39
1157,qualify,39
1158,eligible,39
1159,lyric,39
1160,indicate,39
1161,spontaneously,39
1162,display,39
1163,mammal,39
1164,scale,39
1165,miraculous,39
1166,sophomore,39
1167,confess,39
1168,figure,39
1169,admire,39
1170,raw,39
1171,typical,40
1172,horror,40
1173,discordant,40
1174,harsh,40
1175,universe,40
1176,brave,40
1177,align,40
1178,achieve,40
1179,burnout,40
1180,ample,40
1181,contrary,40
1182,mantra,40
1183,prophet,40
1184,enslave,40
1185,addiction,40
1186,scam,40
1187,source,40
1188,unbiased,40
1189,guess,40
1190,exhibit,40
1191,empathize,40
1192,indecisive,40
1193,adept,40
1194,signal,40
1195,boredom,40
1196,contemplate,40
1197,puzzle,40
1198,manage,40
1199,disease,40
1200,persuade,40
1201,suffer,41
1202,suburban,41
1203,affluent,41
1204,agenda,41
1205,handle,41
1206,dignify,41
1207,fierce,41
1208,sense,41
1209,integrity,41
1210,explode,41
1211,deal,41
1212,impair,41
1213,prioritize,41
1214,crash,41
1215,merge,41
1216,spread,41
1217,recommendation,41
1218,prominent,41
1219,rely,41
1220,manifestation,41
1221,enemy,41
1222,terrain,41
1223,tribe,41
1224,simplify,41
1225,evident,41
1226,fertile,41
1227,disperse,41
1228,military,41
1229,postpone,41
1230,cluster,41
1231,regime,42
1232,urgency,42
1233,zealous,42
1234,attraction,42
1235,trust,42
1236,emergent,42
1237,microbe,42
1238,tiny,42
1239,counterpart,42
1240,wipe,42
1241,mineral,42
1242,continent,42
1243,progress,42
1244,amount,42
1245,habituate,42
1246,primate,42
1247,spoil,42
1248,advantage,42
1249,threat,42
1250,negative,42
1251,captivate,42
1252,intent,42
1253,execution,42
1254,compulsive,42
1255,sway,42
1256,purpose,42
1257,frame,42
1258,narrator,42
1259,console,42
1260,wrestle,42
1261,compassionate,43
1262,equation,43
1263,magnitude,43
1264,response,43
1265,buffer,43
1266,inhabitant,43
1267,diagram,43
1268,improvise,43
1269,chemistry,43
1270,straightforward,43
1271,recipe,43
1272,desirability,43
1273,mobility,43
1274,distribute,43
1275,inclination,43
1276,statesman,43
1277,superstitious,43
1278,beneficial,43
1279,neglect,43
1280,aware,43
1281,prayer,43
1282,bond,43
1283,inspire,43
1284,cohesion,43
1285,descent,43
1286,infant,43
1287,dictate,43
1288,disparity,43
1289,curiosity,43
1290,nuance,43
1291,glacier,44
1292,voyage,44
1293,flora,44
1294,relentless,44
1295,conceive,44
1296,renowned,44
1297,scorn,44
1298,passage,44
1299,community,44
1300,destiny,44
1301,scroll,44
1302,deem,44
1303,insult,44
1304,passive,44
1305,bomb,44
1306,discard,44
1307,disposable,44
1308,personnel,44
1309,disinfection,44
1310,prone,44
1311,fragment,44
1312,favorable,44
1313,underscore,44
1314,lineage,44
1315,transaction,44
1316,resilient,44
1317,morale,44
1318,guideline,44
1319,leak,44
1320,contest,44
1321,weave,45
1322,inferior,45
1323,chunk,45
1324,unlock,45
1325,drawback,45
1326,binary,45
1327,breastfeed,45
1328,dairy,45
1329,symmetry,45
1330,flammable,45
1331,enlarge,45
1332,chew,45
1333,necessitate,45
1334,liberation,45
1335,displace,45
1336,steady,45
1337,resolve,45
1338,depth,45
1339,mutual,45
1340,outcome,45
1341,influential,45
1342,breaded,45
1343,border,45
1344,rebellious,45
1345,landmass,45
1346,clan,45
1347,hardy,45
1348,empirical,45
1349,auditory,45
1350,rationale,45
1351,acoustic,46
1352,congestion,46
1353,determinant,46
1354,governance,46
1355,forgetfulness,46
1356,fixate,46
1357,ensoul,46
1358,deteriorate,46
1359,outstrip,46
1360,literacy,46
1361,weird,46
1362,mystical,46
1363,rationality,46
1364,appetite,46
1365,entertainment,46
1366,trumpet,46
1367,insurmountable,46
1368,emission,46
1369,solitary,46
1370,advocacy,46
1371,mention,46
1372,energize,46
1373,dimension,46
1374,executive,46
1375,fund,46
1376,discontented,46
1377,treasured,46
1378,donation,46
1379,grateful,46
1380,narrow,46
1381,dangle,47
1382,confidence,47
1383,resolution,47
1384,harness,47
1385,motivate,47
1386,heretofore,47
1387,falsehood,47
1388,pollute,47
1389,cognitive,47
1390,misinformation,47
1391,ambitious,47
1392,subordinate,47
1393,preserve,47
1394,illusion,47
1395,conceal,47
1396,pupil,47
1397,err,47
1398,definitive,47
1399,excavate,47
1400,prehistoric,47
1401,survey,47
1402,pronounced,47
1403,correspondent,47
1404,literary,47
1405,doctorate,47
1406,receipt,47
1407,expertise,47
1408,quantitative,47
1409,oriented,47
1410,attain,47
1411,unsubstantiated,48
1412,jug,48
1413,neural,48
1414,interconnected,48
1415,optimize,48
1416,envision,48
1417,radical,48
1418,aviation,48
1419,altitude,48
1420,mortality,48
1421,halt,48
1422,notification,48
1423,inflammation,48
1424,ubiquitous,48
1425,rite,48
1426,biodiversity,48
1427,linkage,48
1428,enforceable,48
1429,roadblock,48
1430,causal,48
1431,association,48
1432,upbringing,48
1433,societal,48
1434,ethnicity,48
1435,exert,48
1436,portion,48
1437,destination,48
1438,sentence,48
1439,precious,48
1440,declare,48
1441,eagerly,49
1442,letdown,49
1443,appointed,49
1444,uniformity,49
1445,deny,49
1446,counterproductive,49
1447,array,49
1448,transition,49
1449,mere,49
1450,trivial,49
1451,amenity,49
1452,pleasant,49
1453,eventual,49
1454,rehabilitation,49
1455,basis,49
1456,via,49
1457,premise,49
1458,adhere,49
1459,inductive,49
1460,shortcut,49
1461,drive,49
1462,evaluation,49
1463,crave,49
1464,upright,49
1465,by-product,49
1466,investigate,49
1467,census,49
1468,verify,49
1469,novel,49
1470,proclaim,49
1471,selective,50
1472,literature,50
1473,vicious,50
1474,organ,50
1475,yield,50
1476,credible,50
1477,ethics,50
1478,mismatch,50
1479,divorce,50
1480,leash,50
1481,sniff,50
1482,distract,50
1483,renovate,50
1484,accommodate,50
1485,uneasy,50
1486,linger,50
1487,conversational,50
1488,stick,50
1489,counter,50
1490,asset,50
1491,inexhaustible,50
1492,loyalty,50
1493,extraordinary,50
1494,affirmation,50
1495,supervision,50
1496,reluctantly,50
1497,orbital,50
1498,enroll,50
1499,horizontal,50
1500,preheat,50
1501,lid,51
1502,surface,51
1503,stunning,51
1504,overlay,51
1505,supplant,51
1506,fragmentation,51
1507,reinforce,51
1508,sphere,51
1509,distinction,51
1510,overt,51
1511,drag,51
1512,decay,51
1513,jar,51
1514,initial,51
1515,predispose,51
1516,sprout,51
1517,range,51
1518,substance,51
1519,proficiency,51
1520,stride,51
1521,pendulum,51
1522,attentive,51
1523,rage,51
1524,sheer,51
1525,ingenious,51
1526,trial,51
1527,seamlessly,51
1528,spectacle,51
1529,rescue,51
1530,paralyze,51
1531,latest,52
1532,desolate,52
1533,board,52
1534,stare,52
1535,scar,52
1536,attract,52
1537,resource,52
1538,stimulate,52
1539,salient,52
1540,disbelief,52
1541,furious,52
1542,log,52
1543,profile,52
1544,dispute,52
1545,attachment,52
1546,colleague,52
1547,crystalize,52
1548,champion,52
1549,diversity,52
1550,concede,52
1551,surgeon,52
1552,civilian,52
1553,royalty,52
1554,dexterity,52
1555,arousal,52
1556,testify,52
1557,climactic,52
1558,villain,52
1559,disable,52
1560,disarm,52
1561,outright,53
1562,domain,53
1563,inevitably,53
1564,acceleration,53
1565,portable,53
1566,characteristic,53
1567,void,53
1568,aristocratic,53
1569,rhetorical,53
1570,vinegar,53
1571,conformation,53
1572,outsource,53
1573,onlooker,53
1574,presumably,53
1575,entity,53
1576,irrigation,53
1577,stroll,53
1578,overflow,53
1579,burst,53
1580,fairy,53
1581,settle,53
1582,transparency,53
1583,fairness,53
1584,omnipresent,53
1585,advertise,53
1586,literate,53
1587,unprecedented,53
1588,heritage,53
1589,nip,53
1590,nourishment,53
1591,department,54
1592,procrastination,54
1593,fascinating,54
1594,authenticity,54
1595,imperative,54
1596,serenity,54
1597,nominally,54
1598,impart,54
1599,misdeed,54
1600,dysfunction,54
1601,pesticide,54
1602,disposal,54
1603,inflammatory,54
1604,inanimate,54
1605,destined,54
1606,amendment,54
1607,draft,54
1608,ratification,54
1609,tactic,54
1610,picturesque,54
1611,infamous,54
1612,accusation,54
1613,imperial,54
1614,dissemination,54
1615,constituent,54
1616,unfold,54
1617,supposition,54
1618,repertoire,54
1619,mess,54
1620,monotonous,54
1621,resident,55
1622,complaint,55
1623,vibration,55
1624,cooperation,55
1625,spectacular,55
1626,priority,55
1627,debit,55
1628,budget,55
1629,dedicate,55
1630,infer,55
1631,nurture,55
1632,enhance,55
1633,multiple,55
1634,concise,55
1635,bouquet,55
1636,adorable,55
1637,pack,55
1638,closet,55
1639,melt,55
1640,applaud,55
1641,liquid,55
1642,outgrow,55
1643,customize,55
1644,quality,55
1645,delay,55
1646,forecast,55
1647,layer,55
1648,gathering,55
1649,departure,55
1650,shift,55
1651,vision,56
1652,trending,56
1653,outstanding,56
1654,warranty,56
1655,function,56
1656,muscle,56
1657,waitlist,56
1658,inherit,56
1659,fever,56
1660,assign,56
1661,deadline,56
1662,litter,56
1663,emphasize,56
1664,sigh,56
1665,recharge,56
1666,misnomer,56
1667,rodent,56
1668,minimize,56
1669,utilize,56
1670,indispensable,56
1671,limit,56
1672,submit,56
1673,invaluable,56
1674,stain,56
1675,expire,56
1676,symbolize,56
1677,instrument,56
1678,develop,56
1679,subscriber,56
1680,uproot,56
1681,inaccessible,57
1682,sink,57
1683,supplement,57
1684,checkup,57
1685,roam,57
1686,notify,57
1687,priceless,57
1688,potential,57
1689,wilderness,57
1690,consent,57
1691,essential,57
1692,gear,57
1693,posture,57
1694,trail,57
1695,sensitive,57
1696,mindful,57
1697,original,57
1698,entry,57
1699,advanced,57
1700,shyness,57
1701,socialize,57
1702,complement,57
1703,interact,57
1704,drill,57
1705,appliance,57
1706,air,57
1707,last,57
1708,expert,57
1709,utensil,57
1710,observation,57
1711,feed,58
1712,exposure,58
1713,insufficient,58
1714,regulate,58
1715,soak,58
1716,twist,58
1717,committee,58
1718,theme,58
1719,screen,58
1720,refugee,58
1721,transfer,58
1722,layout,58
1723,usage,58
1724,seriousness,58
1725,acceptable,58
1726,risk,58
1727,incident,58
1728,overlook,58
1729,germ,58
1730,damp,58
1731,rating,58
1732,dye,58
1733,remarkable,58
1734,label,58
1735,thoroughly,58
1736,fatigue,58
1737,prestigious,58
1738,separate,58
1739,direction,58
1740,defeat,58
1741,prohibit,59
1742,hazard,59
1743,remove,59
1744,temperature,59
1745,circulate,59
1746,install,59
1747,bulletin,59
1748,complex,59
1749,appointment,59
1750,immerse,59
1751,resistant,59
1752,damage,59
1753,generate,59
1754,nutrition,59
1755,glow,59
1756,initiative,59
1757,tailor,59
1758,perspective,59
1759,distance,59
1760,carbohydrate,59
1761,conscious,59
1762,educate,59
1763,ingredient,59
1764,heal,59
1765,outing,59
1766,fare,59
1767,medicinal,59
1768,rigorous,59
1769,property,59
1770,remedy,59
1771,anticipate,60
1772,meditation,60
1773,rough,60
1774,errand,60
1775,expense,60
1776,pricey,60
1777,confirm,60
1778,stuffy,60
1779,prototype,60
1780,overview,60
1781,surround,60
1782,pharmacy,60
1783,agriculture,60
1784,invitation,60
1785,finalize,60
1786,humidifier,60
1787,mist,60
1788,dim,60
1789,rash,60
1790,extinction,60
1791,persuasive,60
1792,star,60
1793,astronaut,60
1794,upcoming,60
1795,material,60
1796,reminder,60
1797,purifier,60
1798,dispense,60
1799,outlet,60
1800,subtitle,60
